title,company,location,work_type,level,compensation,link,id,scraped_date
CTIO-AI Engineer-Sr Associate,PwC,,,,,https://www.builtinla.com/job/ctio-ai-engineer-sr-associate/11293917,11293917,2026-09-23
"Guidewire AI Developer, Senior Associate",PwC,,,,,https://www.builtinla.com/job/guidewire-ai-developer-senior-associate/11293900,11293900,2026-09-23
AI Engineer Intern,Vantor,,,,,https://www.builtinla.com/job/ai-engineer-intern/11318651,11318651,2026-09-23
"Sr. Staff Engineer - Applied AI, Patient  (Remote)",Rula,,,,,https://www.builtinla.com/job/sr-staff-engineer-applied-ai-patient-remote/11314200,11314200,2026-09-23
Sr. AI/Automation Engineer -  HR Technology (Remote India - Night Shift),General Motors,,,,,https://www.builtinla.com/job/sr-ai-automation-engineer-hr-technology-remote-india-night-shift/11293801,11293801,2026-09-23
GTM AI Engineer -Deal Desk,Motive,,,,,https://www.builtinla.com/job/gtm-ai-engineer-deal-desk/11265300,11265300,2026-09-23
"Machine Learning Engineer (II-III), Space Agentic AI",True Anomaly,,,,,https://www.builtinla.com/job/machine-learning-engineer-ii-iii-space-agentic-ai/11090350,11090350,2026-09-23
"Senior Analytics Engineer, AI & DX Analytics",Block,,,,,https://www.builtinla.com/job/senior-analytics-engineer-ai-dx-analytics/11243825,11243825,2026-09-23
"Senior Analytics Engineer, AI & DX Analytics",Cash App,,,,,https://www.builtinla.com/job/senior-analytics-engineer-ai-dx-analytics/11242218,11242218,2026-09-23
"Staff Security Engineer, Enterprise AI",Affirm,,,,,https://www.builtinla.com/job/staff-product-security-engineer/11186891,11186891,2026-09-23
AI Engineer,EMCOR Group Inc.,,,,,https://www.builtinla.com/job/ai-engineer/11170448,11170448,2026-09-23
People AI & Automation Engineer,Deepgram,,,,,https://www.builtinla.com/job/people-ai-automation-engineer/11139682,11139682,2026-09-23
Staff Applied AI Engineer,Forward Financing,,,,,https://www.builtinla.com/job/staff-applied-ai-engineer/11091622,11091622,2026-09-23
"Senior Threat Engineer - AI-Powered Detection, Response & Continuous AI Red Teaming",CDW,,,,,https://www.builtinla.com/job/senior-threat-engineer-ai-powered-detection-response-continuous-ai-red-teaming/11081742,11081742,2026-09-23
Staff AI Engineer (Data & Intelligence function),Acquia,,,,,https://www.builtinla.com/job/staff-ai-engineer/11071286,11071286,2026-09-23
"Staff Software Engineer, GTM & AI Strategy",Toast,,,,,https://www.builtinla.com/job/staff-software-engineer-gtm-ai-strategy/11064590,11064590,2026-09-23
"Senior Alliance Manager, AI Infrastructure, Data Factory & Developer Partnerships (Bay Area Based)",Wasabi Technologies,,,,,https://www.builtinla.com/job/senior-alliance-manager-ai-infrastructure-data-factory-developer-partnerships/11052545,11052545,2026-09-23
Full-Stack Developer — AI Applications & Integrations,Cognitive Media,,,,,https://www.builtinla.com/job/full-stack-developer-ai-applications-integrations/11294592,11294592,2026-09-23
Sr. Staff AI Software Engineer,Northrop Grumman,,,,,https://www.builtinla.com/job/sr-staff-ai-software-engineer/11291031,11291031,2026-09-23
Software Engineer – AI Automation (Internal Tools),Voyager Technologies,,,,,https://www.builtinla.com/job/software-engineer-ai-automation-internal-tools/11287965,11287965,2026-09-23
"Perception Engineer, AI",True Anomaly,,,,,https://www.builtinla.com/job/navigation-tracking-engineer/7916902,7916902,2026-09-23
"Staff Software Engineer, Go-to-Market Systems & AI",Square,,,,,https://www.builtinla.com/job/staff-software-engineer-go-market-systems-ai/10949548,10949548,2026-09-23
"Staff Software Engineer, Go-to-Market Systems & AI",Block,,,,,https://www.builtinla.com/job/staff-software-engineer-go-market-systems-ai/10944054,10944054,2026-09-23
"Senior Software Engineer, Data & AI",Lightspark,,,,,https://www.builtinla.com/job/senior-software-engineer-data-ai/11094115,11094115,2026-09-23
"Senior Security Engineer, AI Enablement",JLL,,,,,https://www.builtinla.com/job/senior-security-engineer-ai-enablement/10727865,10727865,2026-09-23
Staff Application Engineer - Enterprise Data & AI (Intelligence Platform),Riot Games,,,,,https://www.builtinla.com/job/staff-application-engineer-enterprise-data-ai-intelligence-platform/11260163,11260163,2026-09-23
Applied AI Engineer (Hybrid),RTX,,,,,https://www.builtinla.com/job/applied-ai-engineer-hybrid/11239686,11239686,2026-09-23
AI Platform Engineer (Hybrid),RTX,,,,,https://www.builtinla.com/job/ai-platform-engineer-hybrid/11239675,11239675,2026-09-23
"AI, HPC & GPU Infrastructure Support Engineer",Vast.ai,,,,,https://www.builtinla.com/job/ai-hpc-gpu-infrastructure-support-engineer/11234153,11234153,2026-09-23
AI Integrations Staff Engineer,Vetcove,,,,,https://www.builtinla.com/job/ai-integrations-staff-engineer/10910908,10910908,2026-09-23
Computer Vision AI Engineer,Booz Allen Hamilton,,,,,https://www.builtinla.com/job/computer-vision-ai-engineer/10900470,10900470,2026-09-23
Applied AI Engineer,Monte Carlo,,,,,https://www.builtinla.com/job/senior-ai-engineer/10900142,10900142,2026-09-23
AI/ML Engineer - Dragonfly Portfolio,Dragonfly,,,,,https://www.builtinla.com/job/ai-ml-engineer-dragonfly-portfolio/11176171,11176171,2026-09-23
"Sr. Network Engineer, AI Infrastructure (Starshield)",SpaceX,,,,,https://www.builtinla.com/job/sr-network-engineer-ai-infrastructure-starshield/11175501,11175501,2026-09-23
"Site Reliability Engineer, AI Infrastructure (Starshield)",SpaceX,,,,,https://www.builtinla.com/job/site-reliability-engineer-ai-infrastructure-starshield/11175493,11175493,2026-09-23
"Sr. Site Reliability Engineer, AI Infrastructure (Starshield)",SpaceX,,,,,https://www.builtinla.com/job/sr-site-reliability-engineer-ai-infrastructure-starshield/11175491,11175491,2026-09-23
"Network Engineer, AI Infrastructure (Starshield)",SpaceX,,,,,https://www.builtinla.com/job/network-engineer-ai-infrastructure-starshield/11175479,11175479,2026-09-23
Principal AI Engineer - Personalization and Recommendation (Remote),Rula,,,,,https://www.builtinla.com/job/principal-ai-engineer-personalization-and-recommendation-remote/10860782,10860782,2026-09-23
"Forward Deployed Engineer, AI and Agentic SDLC",GitLab,,,,,https://www.builtinla.com/job/forward-deployed-engineer/9274477,9274477,2026-09-23
AI Computer Vision Engineer,AssistIQ,,,,,https://www.builtinla.com/job/ai-computer-vision-engineer/11322489,11322489,2026-09-23
Sr. AI Software Engineer  - USA,Cogniify,,,,,https://www.builtinla.com/job/forward-deployed-engineer/10146594,10146594,2026-09-23
"Principal Software Engineer, Integration and Automation - AI Infrastructure",Microsoft,,,,,https://www.builtinla.com/job/principal-software-engineer-integration-and-automation-ai-infrastructure/11321130,11321130,2026-09-23
Digital Solutions - AI & Automantion - Senior Developer (MuleSoft),Connor Group,,,,,https://www.builtinla.com/job/digital-solutions-ai-automantion-senior-developer-mulesoft/11318931,11318931,2026-09-23
Principal Software Engineer- AI Frameworks,Microsoft,,,,,https://www.builtinla.com/job/principal-software-engineer-ai-frameworks/11196884,11196884,2026-09-23
"Staff Software Engineer, Backend - Platform (Core AI Automation)",Coinbase,,,,,https://www.builtinla.com/job/staff-software-engineer-backend-platform-core-ai-automation/10838304,10838304,2026-09-23
"Senior Integration & API Developer – AWS, Python and AI Agents","Qued, Inc.",,,,,https://www.builtinla.com/job/senior-integration-api-developer-aws-python-and-ai-agents/11313275,11313275,2026-09-23
Senior AI/ML Engineer,Trans Ova,,,,,https://www.builtinla.com/job/senior-ai-ml-engineer/11311582,11311582,2026-09-23
Senior AI Software Engineer,Placer.ai,,,,,https://www.builtinla.com/job/senior-ai-software-engineer/11306825,11306825,2026-09-23
Senior AI/ML Engineer,Leachman Cattle,,,,,https://www.builtinla.com/job/senior-ai-ml-engineer/11299798,11299798,2026-09-23
AI Engineer Intern,Incepta,,,,,https://www.builtinla.com/job/ai-engineer-intern/11046237,11046237,2026-09-23
Solution Engineer - Cloud & AI Data Platform,Microsoft,,,,,https://www.builtinla.com/job/solution-engineer-cloud-ai-data-platform/10906398,10906398,2026-09-23
Senior Software Engineer- AI Frameworks,Microsoft,,,,,https://www.builtinla.com/job/senior-software-engineer-ai-frameworks/11196868,11196868,2026-09-23
AI Software Engineer - Staff/Principal,Seeq,,,,,https://www.builtinla.com/job/ai-software-engineer-staff-principal/11291266,11291266,2026-09-23
Senior and/or Principal Software Engineer- AI Frameworks,Microsoft,,,,,https://www.builtinla.com/job/senior-and-or-principal-software-engineer-ai-infrastructure/11196888,11196888,2026-09-23
Senior AI Software Engineer,xCures,,,,,https://www.builtinla.com/job/senior-ai-software-engineer/11290517,11290517,2026-09-23
Senior Applied AI Engineer,Groundswell,,,,,https://www.builtinla.com/job/senior-applied-ai-engineer/11289976,11289976,2026-09-23
Applied AI Engineer,Groundswell,,,,,https://www.builtinla.com/job/applied-ai-engineer/11289973,11289973,2026-09-23
Associate Applied AI Engineer,Groundswell,,,,,https://www.builtinla.com/job/associate-applied-ai-engineer/11289963,11289963,2026-09-23
Forward Deployed Financial Engineer - Applied AI,Datarails,,,,,https://www.builtinla.com/job/forward-deployed-financial-engineer-applied-ai/11289753,11289753,2026-09-23
Senior Software Engineer II (AI Enablement),Aledade,,,,,https://www.builtinla.com/job/senior-software-engineer-ii-ai-enablement/11289605,11289605,2026-09-23
"Staff Software Engineer, AI Systems",Federato,,,,,https://www.builtinla.com/job/staff-software-engineer-ai-systems/11283891,11283891,2026-09-23
Agentic AI Engineer / Software Engineer - AI Applications (Remote US),Yurts,,,,,https://www.builtinla.com/job/agentic-ai-engineer-software-engineer-ai-applications-remote-us/11282454,11282454,2026-09-23
Digital Cloud & AI Solution Engineer - Azure Platform State & Local Government,Microsoft,,,,,https://www.builtinla.com/job/digital-cloud-ai-solution-engineer-azure-platform-state-local-government/11188985,11188985,2026-09-23
Senior MicroStrategy & AI Analytics Developer,PACSUN,,,,,https://www.builtinla.com/job/senior-microstrategy-ai-analytics-developer/11146856,11146856,2026-09-23
AI Product Engineer,Origami Risk,,,,,https://www.builtinla.com/job/ai-product-engineer/10923416,10923416,2026-09-23
"Founding Engineer, AI & ML Systems",FilmoreAI,,,,,https://www.builtinla.com/job/founding-engineer-ai-ml-systems/11116813,11116813,2026-09-23
AI Engineer,Ergodic AI,,,,,https://www.builtinla.com/job/ai-engineer/10949758,10949758,2026-09-23
Solution Engineer - AI Business Process,Microsoft,,,,,https://www.builtinla.com/job/solution-engineer-ai-business-process/11268960,11268960,2026-09-23
AI Quality Engineer,xCures,,,,,https://www.builtinla.com/job/ai-quality-engineer/11268465,11268465,2026-09-23
Infrastructure & AI Automation Engineer,Armanino LLP,,,,,https://www.builtinla.com/job/infrastructure-ai-automation-engineer/11094629,11094629,2026-09-23
Corporate Sales Lead – AI Training & Developer Enablement,Codistry Academy,,,,,https://www.builtinla.com/job/corporate-sales-lead-ai-training-developer-enablement/11267294,11267294,2026-09-23
AI Engineer | Remote - Contract,Xperteez Technology,,,,,https://www.builtinla.com/job/ai-engineer-remote-contract/11266196,11266196,2026-09-23
"AI Engineer, Customer Success",Samsara,,,,,https://www.builtinla.com/job/applied-ai-specialist-commercial-customer-success/9966739,9966739,2026-09-23
Senior AI Engineer,WebMD,,,,,https://www.builtinla.com/job/senior-ai-engineer/11072527,11072527,2026-09-23
AI Engineer (Application Design & Rapid Deployment),WebMD,,,,,https://www.builtinla.com/job/ai-engineer-application-design-rapid-deployment/11072501,11072501,2026-09-23
"Gen AI Engineer -Dallas, TX",Photon,,,,,https://www.builtinla.com/job/gen-ai-engineer-dallas-tx/11264404,11264404,2026-09-23
Principal Software Engineer - AI Safety and Security,Microsoft,,,,,https://www.builtinla.com/job/principal-software-engineer-ai-safety-and-security/11196870,11196870,2026-09-23
"Senior Software Engineer, Applied AI","VIVIO, a Public Benefit Corporation",,,,,https://www.builtinla.com/job/senior-software-engineer-applied-ai/11261438,11261438,2026-09-23
AI Solutions Architect / Copilot Developer,Pyrovio,,,,,https://www.builtinla.com/job/ai-solutions-architect-copilot-developer/11260002,11260002,2026-09-23
"Senior Software Engineer, Voice AI",Lutra,,,,,https://www.builtinla.com/job/senior-software-engineer-voice-ai/11257490,11257490,2026-09-23
"Senior Backend Engineer II, AI Native, Vertical Experiences",Life360,,,,,https://www.builtinla.com/job/senior-backend-engineer-ii-ai-native-pets-things-experiences/11138440,11138440,2026-09-23
Mid/Senior AI Engineer,TensorOps,,,,,https://www.builtinla.com/job/mid-senior-ai-engineer/11254728,11254728,2026-09-23
"Sr Solution Engineer, Cloud & AI Infrastructure - CTJ - Top Secret",Microsoft,,,,,https://www.builtinla.com/job/sr-solution-engineer-cloud-ai-infrastructure-ctj-top-secret/11238652,11238652,2026-09-23
AI Security Engineer,Microsoft,,,,,https://www.builtinla.com/job/ai-security-engineer/11251152,11251152,2026-09-23
Artificial Intelligence Digital Engineer,Booz Allen Hamilton,,,,,https://www.builtinla.com/job/artificial-intelligence-digital-engineer/11064441,11064441,2026-09-23
"Principal Software Engineer, AI Infra Management and Ops",Microsoft,,,,,https://www.builtinla.com/job/principal-software-engineer-ai-infra-management-and-ops/11198675,11198675,2026-09-23
"AI Engineer — Conversational, Voice & Call Intelligence (Project Based)",TeamFicient,,,,,https://www.builtinla.com/job/ai-engineer-conversational-voice-call-intelligence-project-based/11244864,11244864,2026-09-23
AI Engineer — Data & Reporting Automation (Project Based),TeamFicient,,,,,https://www.builtinla.com/job/ai-engineer-data-reporting-automation-project-based/11244861,11244861,2026-09-23
Data & AI Engineer,Quantiphi,,,,,https://www.builtinla.com/job/data-ai-engineer/11242582,11242582,2026-09-23
AI Ops Engineer GTM,Agiloft,,,,,https://www.builtinla.com/job/ai-ops-engineer-gtm/11241109,11241109,2026-09-23
AI Engineer,Cadence (cadence.care),,,,,https://www.builtinla.com/job/ai-engineer/11238895,11238895,2026-09-23
"Subject Matter Expert - Senior Cloud, Data & AI Engineer","Blake Willson Group, LLC",,,,,https://www.builtinla.com/job/subject-matter-expert-senior-cloud-data-ai-engineer/11234217,11234217,2026-09-23
"AI Platform Engineer, Enablement and Governance Operations",Kraken Digital Asset Exchange,,,,,https://www.builtinla.com/job/ai-platform-engineer-enablement-and-governance-operations/11232191,11232191,2026-09-23
Principal AI Engineer,Mitratech,,,,,https://www.builtinla.com/job/principal-ai-engineer/10899674,10899674,2026-09-23
"Senior Software Engineer, AI",Stord,,,,,https://www.builtinla.com/job/senior-software-engineer-ai/11231652,11231652,2026-09-23
"Principal Backend Engineer, Conversational AI",Trellis (Trellisconnect),,,,,https://www.builtinla.com/job/principal-backend-engineer-conversational-ai/11230690,11230690,2026-09-23
"Senior Principal Backend Engineer, Conversational AI",Trellis (Trellisconnect),,,,,https://www.builtinla.com/job/senior-principal-backend-engineer-conversational-ai/11230667,11230667,2026-09-23
AI Engineer- Applied AI,Guidewire Software,,,,,https://www.builtinla.com/job/ai-engineer-applied-ai/11167154,11167154,2026-09-23
"Senior Solutions Engineer, AI/HPC Networking",DriveNets,,,,,https://www.builtinla.com/job/senior-solutions-engineer-ai-hpc-networking/11218949,11218949,2026-09-23
AI Value Engineer,PhoenixTeam,,,,,https://www.builtinla.com/job/ai-value-engineer/11215492,11215492,2026-09-23
"Sr. Full Stack Engineer - NextJS, AWS, AI",Perficient,,,,,https://www.builtinla.com/job/sr-full-stack-engineer-nextjs-aws-ai/11215265,11215265,2026-09-23
AI full stack Engineer,CoverMyMeds,,,,,https://www.builtinla.com/job/ai-full-stack-engineer/11214115,11214115,2026-09-23
AI & Automation Engineer (Enterprise),Magnet Forensics,,,,,https://www.builtinla.com/job/ai-automation-engineer-enterprise/11213170,11213170,2026-09-23
"Quality Engineer, AI-Native",Libra Solutions,,,,,https://www.builtinla.com/job/quality-engineer-ai-native/11210484,11210484,2026-09-23
Applied AI Engineer,Everpure,,,,,https://www.builtinla.com/job/applied-ai-engineer/11209060,11209060,2026-09-23
"Senior Software Engineer, AI",UpDoc,,,,,https://www.builtinla.com/job/senior-software-engineer-ai/11203792,11203792,2026-09-23
Senior Software Engineer for AI,Lumin Digital,,,,,https://www.builtinla.com/job/senior-software-engineer-ai/11202472,11202472,2026-09-23
ServiceNow Lead Engineer (Power BI +AI),NewRocket,,,,,https://www.builtinla.com/job/servicenow-lead-engineer/11198817,11198817,2026-09-23
Forward Deployed AI/ML Engineer IV,E Source,,,,,https://www.builtinla.com/job/forward-deployed-ai-ml-engineer-iv/11195781,11195781,2026-09-23
Sr AI Data Engineer,GE Aerospace,,,,,https://www.builtinla.com/job/sr-ai-data-engineer/10839499,10839499,2026-09-23
"Senior Software Engineer, AI Infrastructure",Mirantis,,,,,https://www.builtinla.com/job/senior-software-engineer-ai-infrastructure/11194625,11194625,2026-09-23
Principal Applied AI Engineer,Appian Corporation,,,,,https://www.builtinla.com/job/principal-applied-ai-engineer/11194434,11194434,2026-09-23
Lead Applied AI Engineer,Appian Corporation,,,,,https://www.builtinla.com/job/lead-applied-ai-engineer/11194428,11194428,2026-09-23
Lead AI Developer Tooling Engineer,Appian Corporation,,,,,https://www.builtinla.com/job/lead-ai-developer-tooling-engineer/11194420,11194420,2026-09-23
AI Engineer,LawPro.ai,,,,,https://www.builtinla.com/job/ai-engineer/11190703,11190703,2026-09-23
AI/ML Engineer (Active Secret) — Applied AI & Automation,Rackner,,,,,https://www.builtinla.com/job/ai-ml-engineer-active-secret-applied-ai-automation/11189718,11189718,2026-09-23
VP – Distinguished Engineer of Generative AI Engineering,Slate (slate.auto),,,,,https://www.builtinla.com/job/vp-distinguished-engineer-generative-ai-engineering/11186249,11186249,2026-09-23
AI Web Developer & Digital Production Specialist,Business Financial Group,,,,,https://www.builtinla.com/job/ai-web-developer-digital-production-specialist/11186242,11186242,2026-09-23
AI Engineer,Nava Benefits,,,,,https://www.builtinla.com/job/ai-engineer/11185532,11185532,2026-09-23
AI Operations Engineer,Surge AI,,,,,https://www.builtinla.com/job/ai-operations-engineer/11179006,11179006,2026-09-23
ServiceNow AI Engineer,NewRocket,,,,,https://www.builtinla.com/job/servicenow-ai-developer/11177435,11177435,2026-09-23
"Senior Software Engineer, Applied AI",TLDR Media,,,,,https://www.builtinla.com/job/senior-software-engineer-applied-ai/11175276,11175276,2026-09-23
AI Research Engineer,LanceDB,,,,,https://www.builtinla.com/job/ai-research-engineer/11170129,11170129,2026-09-23
Software Engineer AI Infra,Microsoft,,,,,https://www.builtinla.com/job/software-engineer-ai-infra/10864163,10864163,2026-09-23
Senior Solution Engineer - Cloud & AI Applications,Microsoft,,,,,https://www.builtinla.com/job/senior-solution-engineer-cloud-ai-applications/10562687,10562687,2026-09-23
Founding AI Quality & Release Engineer,Raydar,,,,,https://www.builtinla.com/job/founding-ai-quality-release-engineer/11159050,11159050,2026-09-23
"Principal Solutions Engineer, Data & AI",Raydar,,,,,https://www.builtinla.com/job/principal-solutions-engineer-data-ai/11159055,11159055,2026-09-23
AI Product Engineer / Forward Deployed Engineer,Raydar,,,,,https://www.builtinla.com/job/ai-product-engineer-forward-deployed-engineer/11159033,11159033,2026-09-23
1158 Senior AI Developer,Intetics,,,,,https://www.builtinla.com/job/1158-senior-ai-developer/11158765,11158765,2026-09-23
Senior Software Engineer - Agentic AI Applications,Serko Limited,,,,,https://www.builtinla.com/job/senior-software-engineer-agentic-ai-applications/11154548,11154548,2026-09-23
AI Engineer,The Agency Fund,,,,,https://www.builtinla.com/job/ai-engineer/11133328,11133328,2026-09-23
Senior AI Runtime Engineer,Modular,,,,,https://www.builtinla.com/job/senior-ai-runtime-engineer/11145803,11145803,2026-09-23
Software Development Engineer - AI Services,GoDaddy,,,,,https://www.builtinla.com/job/software-development-engineer-ai-services/10982712,10982712,2026-09-23
"Senior High Performance AI Engineer, Agentic AI",NVIDIA,,,,,https://www.builtinla.com/job/senior-high-performance-ai-engineer-agentic-ai/11141927,11141927,2026-09-23
AI Storage Infrastructure Engineer - remote in the US,Mirantis,,,,,https://www.builtinla.com/job/ai-storage-infrastructure-engineer-remote-us/11137878,11137878,2026-09-23
AI Sales Engineer,Vectara,,,,,https://www.builtinla.com/job/sales-engineer/11137733,11137733,2026-09-23
AI/ML & Algorithm Engineer,Salute (salute.com),,,,,https://www.builtinla.com/job/ai-ml-algorithm-engineer/10850871,10850871,2026-09-23
Staff Software Engineer AI,Mercury Insurance,,,,,https://www.builtinla.com/job/staff-software-engineer-ai/11126576,11126576,2026-09-23
Staff AI Engineer,Foodsmart,,,,,https://www.builtinla.com/job/staff-ai-engineer/11122905,11122905,2026-09-23
Principal AI Software Engineer,Walker & Dunlop,,,,,https://www.builtinla.com/job/principal-ai-software-engineer/11114591,11114591,2026-09-23
Senior Ecommerce Backend Engineer: AI - Native,Edmund Optics,,,,,https://www.builtinla.com/job/senior-ecommerce-backend-engineer-ai-native/11114138,11114138,2026-09-23
AI Product Engineer,Casper Studios,,,,,https://www.builtinla.com/job/ai-product-engineer/11114096,11114096,2026-09-23
AI Go-to-Market Engineer (US),Flosum,,,,,https://www.builtinla.com/job/ai-go-market-engineer-us/11111893,11111893,2026-09-23
AI Quality Engineer,PhoenixTeam,,,,,https://www.builtinla.com/job/ai-quality-engineer/11109724,11109724,2026-09-23
"Engineer, Enterprise AI",Navitus Health Solutions,,,,,https://www.builtinla.com/job/engineer-enterprise-ai/11106475,11106475,2026-09-23
Senior/Principal RAN Digital Twin & AI Simulation Engineer,Parallel Wireless,,,,,https://www.builtinla.com/job/senior-principal-ran-digital-twin-ai-simulation-engineer/11091244,11091244,2026-09-23
Staff AI Acceleration Engineer,Dave Inc.,,,,,https://www.builtinla.com/job/staff-ai-acceleration-engineer/10902810,10902810,2026-09-23
Expert Artificial Intelligence/Machine Learning Engineer,Ciklum,,,,,https://www.builtinla.com/job/expert-artificial-intelligence-machine-learning-engineer/11089678,11089678,2026-09-23
AI/ML Engineer,DecisionPoint Corporation,,,,,https://www.builtinla.com/job/ai-ml-engineer/11086614,11086614,2026-09-23
Staff AI Enablement Engineer,BetterHelp,,,,,https://www.builtinla.com/job/staff-ai-enablement-engineer/11082148,11082148,2026-09-23
Staff AI Enablement Engineer,Talkiatry,,,,,https://www.builtinla.com/job/staff-ai-enablement-engineer/11080553,11080553,2026-09-23
AI Foundry Platform Engineer,AIS (Applied Information Sciences),,,,,https://www.builtinla.com/job/ai-foundry-platform-engineer/11080501,11080501,2026-09-23
AI / Machine Learning Engineer,MARLOWE COMPANIES INC.,,,,,https://www.builtinla.com/job/ai-machine-learning-engineer/11080281,11080281,2026-09-23
AI Prompt Engineer,MARLOWE COMPANIES INC.,,,,,https://www.builtinla.com/job/ai-prompt-engineer/11080231,11080231,2026-09-23
Generative AI Engineer,MARLOWE COMPANIES INC.,,,,,https://www.builtinla.com/job/generative-ai-engineer/11080236,11080236,2026-09-23
Senior AI / ML Engineer,MARLOWE COMPANIES INC.,,,,,https://www.builtinla.com/job/senior-ai-ml-engineer/11080177,11080177,2026-09-23
Senior Generative AI Engineer,MARLOWE COMPANIES INC.,,,,,https://www.builtinla.com/job/senior-generative-ai-engineer/11080033,11080033,2026-09-23
Senior AI Prompt Engineer,MARLOWE COMPANIES INC.,,,,,https://www.builtinla.com/job/senior-ai-prompt-engineer/11079965,11079965,2026-09-23
"Software Engineer, AI - Python",Telnyx,,,,,https://www.builtinla.com/job/software-engineer-gtm-ai-python/11076922,11076922,2026-09-23
Staff Agentic AI Engineer - Marketing,Netomi,,,,,https://www.builtinla.com/job/staff-agentic-ai-engineer-marketing/11074717,11074717,2026-09-23
"AI Forward Deployed Engineer, Lead",Positron AI,,,,,https://www.builtinla.com/job/ai-forward-deployed-engineer-lead/11067073,11067073,2026-09-23
AI Software Engineer,Rollstack,,,,,https://www.builtinla.com/job/ai-software-engineer/11062169,11062169,2026-09-23
Lead AI Engineer,"Veracity Insurance Solutions, LLC",,,,,https://www.builtinla.com/job/lead-ai-engineer/11060138,11060138,2026-09-23
Senior AI Product Engineer,Health Note,,,,,https://www.builtinla.com/job/senior-ai-product-engineer/11058705,11058705,2026-09-23
Principal AI Engineer,Velsera,,,,,https://www.builtinla.com/job/principal-ai-engineer/11057154,11057154,2026-09-23
"Staff Product Engineer, Enterprise AI",Mozilla,,,,,https://www.builtinla.com/job/staff-product-engineer-enterprise-ai/11055069,11055069,2026-09-23
"Senior Automation Engineer (Python, AI Agents & Automation)",Precisely,,,,,https://www.builtinla.com/job/senior-automation-engineer-python-ai-agents-automation/11046653,11046653,2026-09-23
"Quality Engineer, Switchboards & AI",Giga Energy,,,,,https://www.builtinla.com/job/quality-engineer-switchboards-ai/10900374,10900374,2026-09-23
AI/ML Software Engineer-Task Creator (RL Environments) (Contract),Careerflow.ai,,,,,https://www.builtinla.com/job/ai-ml-software-engineer-task-creator-rl-environments-contract/10866247,10866247,2026-09-23
Senior AI Applied Engineer,Prologis,,,,,https://www.builtinla.com/job/senior-ai-applied-manager/10880612,10880612,2026-09-23
Senior AI ENGINEER/DEVELOPER (Remote),CloudPSO,,,,,https://www.builtinla.com/job/sr-ai-engineer-developer-remote/11032440,11032440,2026-09-23
AI FRONTEND ENGINEER / LEAD (Remote),CloudPSO,,,,,https://www.builtinla.com/job/ai-frontend-engineer-lead-remote/11032441,11032441,2026-09-23
"Staff Full-Stack Engineer, AI Engineering",TWG Global,,,,,https://www.builtinla.com/job/staff-full-stack-engineer-ai-engineering/10859497,10859497,2026-09-23
"Senior Full Stack Engineer, AI & Growth Systems",Eve,,,,,https://www.builtinla.com/job/software-engineer-full-stack-gtm/9712123,9712123,2026-09-23
Principal Backend QA Engineer (AI),Nexaminds,,,,,https://www.builtinla.com/job/sdet-architect-ai-focus/11027752,11027752,2026-09-23
Software Development Engineer in Test (SDET) - Immigration AI,Filevine,,,,,https://www.builtinla.com/job/software-development-engineer-test-sdet-immigration-ai/11024490,11024490,2026-09-23
AI Engineer,9th Way Insignia,,,,,https://www.builtinla.com/job/ai-engineer/11020101,11020101,2026-09-23
"Principal Platform Engineer, AI Engineering",RxSense,,,,,https://www.builtinla.com/job/principal-platform-engineer-ai-engineering/11008828,11008828,2026-09-23
"Senior Forward Deployed Engineer, Applied AI",Juniper Square,,,,,https://www.builtinla.com/job/senior-forward-deployed-engineer-applied-ai/11006812,11006812,2026-09-23
"Forward Deployed Engineer II, Applied AI",Juniper Square,,,,,https://www.builtinla.com/job/forward-deployed-engineer-applied-ai/11006790,11006790,2026-09-23
Gen AI Developer Specialist,Hexaware Technologies,,,,,https://www.builtinla.com/job/gen-ai-developer-specialist/11005644,11005644,2026-09-23
AI Deployment Engineer,CoorsTek,,,,,https://www.builtinla.com/job/ai-deployment-engineer/9300627,9300627,2026-09-23
AI Forward Deployed Engineer (Sr/Principal),Nexaminds,,,,,https://www.builtinla.com/job/ai-forward-deployed-engineer-sr-principal/10992326,10992326,2026-09-23
"Machine Learning Engineer, Device AI",Apkudo,,,,,https://www.builtinla.com/job/machine-learning-engineer-device-ai/10990198,10990198,2026-09-23
"Senior Site Reliability Engineer, AI Agents & Automation",ServiceTitan,,,,,https://www.builtinla.com/job/senior-site-reliability-engineer/10229415,10229415,2026-09-23
"Staff Software Engineer, AI Foundations (AI Agent Optimization)",Temporal Technologies,,,,,https://www.builtinla.com/job/staff-software-engineer-ai-foundations-ai-agent-optimization/10984392,10984392,2026-09-23
Senior AI Developer,Euna Solutions,,,,,https://www.builtinla.com/job/senior-ai-developer/10982447,10982447,2026-09-23
Staff AI Engineer  (L4),WEX Inc.,,,,,https://www.builtinla.com/job/staff-ai-engineer-l4/10534613,10534613,2026-09-23
Lead Artificial Intelligence/Machine Learning Engineer,Ciklum,,,,,https://www.builtinla.com/job/lead-artificial-intelligence-machine-learning-engineer/10975816,10975816,2026-09-23
"Fullstack Software Engineer, Gen AI Systems",Ayrin Digital,,,,,https://www.builtinla.com/job/fullstack-software-engineer-gen-ai-systems/10974633,10974633,2026-09-23
Developer – AI Native Engineering,World Wide Technology,,,,,https://www.builtinla.com/job/developer-ai-native-engineering/10973117,10973117,2026-09-23
Developer – AI Native Engineering,Softchoice,,,,,https://www.builtinla.com/job/developer-ai-native-engineering/10972938,10972938,2026-09-23
FDE Applied AI Engineer - USA,Inviso Corporation,,,,,https://www.builtinla.com/job/ai-engineer-usa/10971473,10971473,2026-09-23
Forward Deployed AI Engineer -Neo4j / Knowledge Graph,Tiger Analytics,,,,,https://www.builtinla.com/job/forward-deployed-ai-engineer-neo4j-knowledge-graph/10971363,10971363,2026-09-23
"Senior Software Engineer, AI Enablement",Telnyx,,,,,https://www.builtinla.com/job/senior-software-engineer-ai-enablement/10968567,10968567,2026-09-23
Staff Software Engineer - AI Runtime,Apollo GraphQL,,,,,https://www.builtinla.com/job/staff-software-engineer-ai-runtime/10967527,10967527,2026-09-23
Lead Developer – AI Native Engineering,World Wide Technology,,,,,https://www.builtinla.com/job/lead-developer-ai-native-engineering/10966206,10966206,2026-09-23
Lead Developer – AI Native Engineering,Softchoice,,,,,https://www.builtinla.com/job/lead-developer-ai-native-engineering/10964815,10964815,2026-09-23
Cloud Platform Engineer — AI/3D,Élisa,,,,,https://www.builtinla.com/job/cloud-platform-engineer-ai-3d/10951748,10951748,2026-09-23
Generative AI Engineer – 3D Platforms,Élisa,,,,,https://www.builtinla.com/job/generative-ai-engineer-3d-platforms/10951739,10951739,2026-09-23
AI & Analytics Engineer (Software Engineer – Full stack),PM Pediatric Care,,,,,https://www.builtinla.com/job/ai-analytics-engineer-software-engineer-full-stack/10948802,10948802,2026-09-23
AI Full-Stack Engineer | Onsite,Photon,,,,,https://www.builtinla.com/job/ai-full-stack-engineer-onsite/10945395,10945395,2026-09-23
Developer Relation Manager - Edge AI and Robotics,NVIDIA,,,,,https://www.builtinla.com/job/developer-relation-manager-edge-ai-and-robotics/10943736,10943736,2026-09-23
"Staff Software Engineer, AI Platform",Root,,,,,https://www.builtinla.com/job/staff-software-engineer-ai-platform/10941898,10941898,2026-09-23
"Lead Software Engineer, AI Platform",Root,,,,,https://www.builtinla.com/job/lead-software-engineer-ai-platform/10941892,10941892,2026-09-23
Senior AI Infrastructure Engineer - EDA Infrastructure,NVIDIA,,,,,https://www.builtinla.com/job/senior-ai-infrastructure-engineer-eda-infrastructure/10941884,10941884,2026-09-23
"Staff Software Engineer, AI Enablement",Root,,,,,https://www.builtinla.com/job/staff-software-engineer-ai-enablement/10941886,10941886,2026-09-23
"Lead Software Engineer, AI Enablement",Root,,,,,https://www.builtinla.com/job/lead-software-engineer-ai-enablement/10941874,10941874,2026-09-23
Senior AI Engineer,Incredible Health,,,,,https://www.builtinla.com/job/senior-ai-engineer/10940573,10940573,2026-09-23
AI Enablement Engineer,Coder,,,,,https://www.builtinla.com/job/ai-enablement-engineer/10939079,10939079,2026-09-23
Associate software Engineer (Python AI),Precisely,,,,,https://www.builtinla.com/job/associate-software-engineer-python-ai/10931484,10931484,2026-09-23
Senior Artificial Intelligence/Machine Learning Engineer,Ciklum,,,,,https://www.builtinla.com/job/senior-artificial-intelligence-machine-learning-engineer/10927456,10927456,2026-09-23
Senior GTM AI Engineer,AssemblyAI,,,,,https://www.builtinla.com/job/senior-gtm-engineer/10920949,10920949,2026-09-23
"Software Engineer, Applied AI Research",Hightouch,,,,,https://www.builtinla.com/job/software-engineer-applied-ai-research/10920908,10920908,2026-09-23
AI Software Engineer,Guidehouse,,,,,https://www.builtinla.com/job/ai-software-engineer/10916099,10916099,2026-09-23
"Staff or Senior Software Engineer, AI-Native SDLC",HubSync,,,,,https://www.builtinla.com/job/staff-or-senior-software-engineer-ai-native-sdlc/10911459,10911459,2026-09-23
Product Engineer - AI Stockbroking,BJAK,,,,,https://www.builtinla.com/job/product-engineer-ai-stockbroking/10906763,10906763,2026-09-23
Product Engineer - AI Neobank,BJAK,,,,,https://www.builtinla.com/job/product-engineer-ai-neobank/10905978,10905978,2026-09-23
Product Engineer - AI Investing,BJAK,,,,,https://www.builtinla.com/job/product-engineer-ai-investing/10905968,10905968,2026-09-23
Product Engineer - AI Finance,BJAK,,,,,https://www.builtinla.com/job/product-engineer-ai-finance/10905946,10905946,2026-09-23
Senior Software Quality Engineer – AI Automation Tester,WISEcode,,,,,https://www.builtinla.com/job/senior-software-quality-engineer-ai-automation-tester/10899156,10899156,2026-09-23
"Product Engineer, AI Email App",BJAK,,,,,https://www.builtinla.com/job/product-engineer-ai-email-app/10890717,10890717,2026-09-23
"Staff Software Engineer, AI Email App",BJAK,,,,,https://www.builtinla.com/job/staff-software-engineer-ai-email-app/10887790,10887790,2026-09-23
"Lead Software Engineer, AI Email App",BJAK,,,,,https://www.builtinla.com/job/lead-software-engineer-ai-email-app/10887745,10887745,2026-09-23
"Principal Software Engineer, AI Email App",BJAK,,,,,https://www.builtinla.com/job/principal-software-engineer-ai-email-app/10887718,10887718,2026-09-23
Software/AI developer,Rackner,,,,,https://www.builtinla.com/job/senior-technical-lead-r-d-mission-platforms/9592912,9592912,2026-09-23
"Staff+ Software Engineer, AI",Aleph,,,,,https://www.builtinla.com/job/staff-software-engineer-ai/10883791,10883791,2026-09-23
"Senior Software Engineer, Backend (Applied AI)",SmarterDx,,,,,https://www.builtinla.com/job/senior-software-engineer-backend-applied-ai/10882292,10882292,2026-09-23
"Staff Enterprise Security Engineer, AI Security",Twilio,,,,,https://www.builtinla.com/job/staff-enterprise-security-engineer-ai-security/10879688,10879688,2026-09-23
AI Systems Researcher/Engineer,Brave,,,,,https://www.builtinla.com/job/ai-systems-researcher-engineer/10873991,10873991,2026-09-23
Principal AI Engineer,Surescripts,,,,,https://www.builtinla.com/job/principal-ai-engineer/10873480,10873480,2026-09-23
Senior Technical Marketing Engineer - DSX AI Infrastructure Software,NVIDIA,,,,,https://www.builtinla.com/job/senior-technical-marketing-engineer-dsx-ai-infrastructure-software/10873403,10873403,2026-09-23
"AI Engineer (Python, Machine Learning, Generative AI/LLMs)",Modus Create,,,,,https://www.builtinla.com/job/ai-engineer-python-machine-learning-generative-ai-llms/10869564,10869564,2026-09-23
"Forward Deployed Engineer (Python, AI/ML, Generative AI)",Modus Create,,,,,https://www.builtinla.com/job/forward-deployed-engineer-python-ai-ml-generative-ai/10869495,10869495,2026-09-23
Forward Deployed Engineer (Generative AI),Tiger Analytics,,,,,https://www.builtinla.com/job/forward-deployed-engineer-generative-ai/10864414,10864414,2026-09-23
"Senior Application Engineer, HPC and AI for Physics",NVIDIA,,,,,https://www.builtinla.com/job/senior-application-engineer-hpc-and-ai-physics/10864283,10864283,2026-09-23
"Staff Software Engineer, AI-Native Systems",Wheel,,,,,https://www.builtinla.com/job/staff-software-engineer-ai-native-systems/10864010,10864010,2026-09-23
GTM AI Engineer - Data & Attribution,Oneleet,,,,,https://www.builtinla.com/job/gtm-engineer-data-attribution/10863957,10863957,2026-09-23
Sr Staff AI Platform Engineer,WEX Inc.,,,,,https://www.builtinla.com/job/sr-staff-ai-platform-engineer/10862521,10862521,2026-09-23
Senior GTM Systems & AI Engineer,Cobalt,,,,,https://www.builtinla.com/job/senior-gtm-systems-ai-engineer/10856078,10856078,2026-09-23
"Staff Software Engineer, AI Code Review - Python, Go, Rust, C#",G2i,,,,,https://www.builtinla.com/job/staff-software-engineer-ai-code-review-python-go-rust-c/10853991,10853991,2026-09-23
Senior Backend Engineer  (AI Platform),AZX,,,,,https://www.builtinla.com/job/software-engineer-backend-focused/10853784,10853784,2026-09-23
Forward Deployed AI Engineer (Senior),AZX,,,,,https://www.builtinla.com/job/software-engineer-client-solutions/10853578,10853578,2026-09-23
Software Engineer - AI,SHI International Corp.,,,,,https://www.builtinla.com/job/software-engineer-ai/10851604,10851604,2026-09-23
"🌎 AI Engineer, Remote - Contract",Xperteez Technology,,,,,https://www.builtinla.com/job/ai-engineer-remote-contract/10844316,10844316,2026-09-23
AI Enablement Engineer,Replicant,,,,,https://www.builtinla.com/job/ai-enablement-engineer/10838791,10838791,2026-09-23
Lead AI Engineer | Onsite - Delaware,Photon,,,,,https://www.builtinla.com/job/lead-ai-engineer-onsite-delaware/10838000,10838000,2026-09-23
"Senior Software Engineer, AI Billing",Commure,,,,,https://www.builtinla.com/job/senior-software-engineer-rcm-product/9872369,9872369,2026-09-23
"Founding Senior Software Engineer, Developer Experience & AI Platform team",ClassDojo,,,,,https://www.builtinla.com/job/senior-software-engineer-developer-experience/10427088,10427088,2026-09-23
"Staff Software Engineer, AI Platform",Redpanda Data,,,,,https://www.builtinla.com/job/staff-software-engineer-ai-platform-san-francisco/10788755,10788755,2026-09-23
AI Engineer,Cargomatic,,,,,https://www.builtinla.com/job/ai-engineer/10169793,10169793,2026-09-23
Senior AI Product Engineer,iSpeedToLead,,,,,https://www.builtinla.com/job/senior-ai-product-engineer/10574508,10574508,2026-09-23
AI Data Quality & Evals Engineer,Allocate,,,,,https://www.builtinla.com/job/machine-learning-engineer/10128424,10128424,2026-09-23
Cloud & AI Infrastructure Engineer,Hanwha Energy USA,,,,,https://www.builtinla.com/job/cloud-ai-infrastructure-engineer/9120101,9120101,2026-09-23
"Full Stack Engineer, AI Platform",ujet.cx,,,,,https://www.builtinla.com/job/data-focused-full-stack-engineer/10074179,10074179,2026-09-23
Lead AI Software Developer,Leidos,,,,,https://www.builtinla.com/job/lead-ai-software-developer/10490867,10490867,2026-09-23
Lead AI Risk Engineer,The College Board,,,,,https://www.builtinla.com/job/lead-risk-engineer/10486733,10486733,2026-09-23
Part-time Team Lead Python AI content creation automation developer | Side-job,Ubego,,,,,https://www.builtinla.com/job/ai/10476435,10476435,2026-09-23
Principal ML & AI Engineer (Spatial AI & Perception),HERE Technologies,,,,,https://builtin.com/job/principal-ml-ai-engineer-spatial-ai-perception/11183272,11183272,2026-09-23
"Innovation, Data & Analytics Team, AI/ML Engineer (Agentic Systems)",Pfizer,,,,,https://builtin.com/job/innovation-data-analytics-team-ai-ml-engineer-agentic-systems/11110220,11110220,2026-09-23
AI Edge Deployment Engineer,Almetra,,,,,https://builtin.com/job/ai-edge-deployment-engineer/11248713,11248713,2026-09-23
Manufacturing Solution Engineer (AI Startup),Almetra,,,,,https://builtin.com/job/manufacturing-solution-engineer-ai-startup/11248700,11248700,2026-09-23
Platform Engineer (m/f/d) (AI Startup),Almetra,,,,,https://builtin.com/job/platform-engineer-m-f-d-ai-startup/11248697,11248697,2026-09-23
AI Onboarding Engineer,Almetra,,,,,https://builtin.com/job/ai-onboarding-engineer/11248695,11248695,2026-09-23
Senior AI Engineer (f/m/d),Integral Services GmbH,,,,,https://builtin.com/job/senior-ai-engineer-f-m-d/11233326,11233326,2026-09-23
"Senior Applied AI Engineer, AI Platform (f/m/d)",bunch (bunch.capital),,,,,https://builtin.com/job/senior-applied-ai-engineer-ai-platform-f-m-d/11206906,11206906,2026-09-23
AI Engineer - Data,Almedia,,,,,https://builtin.com/job/ai-engineer-data/11101761,11101761,2026-09-23
"Senior Backend Engineer, AI Platform - 100% Remote - EMEA",Hostaway,,,,,https://builtin.com/job/senior-backend-engineer-ai-platform-100-remote-emea/11003117,11003117,2026-09-23
AI Content Engineer,Soda,,,,,https://builtin.com/job/ai-content-engineer/11195042,11195042,2026-09-23
"Senior Full Stack Software Engineer (f/m/d) – AI, React, Node.js & TypeScript",Bertelsmann,,,,,https://builtin.com/job/senior-full-stack-software-engineer-f-m-d-ai-react-node-js-typescript/11164756,11164756,2026-09-23
AI Developer Technology Engineer,NVIDIA,,,,,https://builtin.com/job/ai-developer-technology-engineer/11309227,11309227,2026-09-23
AI Solutions Engineer (Germany),Reindeer AI,,,,,https://builtin.com/job/ai-solutions-engineer-germany/11301593,11301593,2026-09-23
AI Platform Engineer (m/f/d),SAP Fioneer,,,,,https://builtin.com/job/ai-platform-engineer-m-f-d/11299915,11299915,2026-09-23
"Senior Sales Engineer - AI Agents (Poland, CEE)",NICE,,,,,https://builtin.com/job/senior-sales-engineer-ai-agents-poland-cee/11275545,11275545,2026-09-23
Senior AI Product Engineer,Cosuno,,,,,https://builtin.com/job/senior-ai-product-engineer/11119308,11119308,2026-09-23
"Senior Product Engineer (DevTools & AI reliability, remote)",Checkly,,,,,https://builtin.com/job/senior-product-engineer-devtools-ai-reliability-remote/11101569,11101569,2026-09-23
"Senior/Staff AI Engineer, Quality & Evals (m/f/x)",Cortea AI,,,,,https://builtin.com/job/senior-staff-ai-engineer-quality-evals-m-f-x/11068512,11068512,2026-09-23
Senior AI Solutions Engineer - GTM,Oyster,,,,,https://builtin.com/job/senior-ai-solutions-engineer-gtm/11256046,11256046,2026-09-23
Staff/Lead Software Developer (AI Agents & Integrations),JetBrains,,,,,https://builtin.com/job/staff-lead-software-developer-ai-agents-integrations/11051886,11051886,2026-09-23
Sr. AI Deployment Engineer,Workday,,,,,https://builtin.com/job/sr-ai-deployment-engineer/11045300,11045300,2026-09-23
Applied AI Engineer (Germany-based),BoWatt GmbH,,,,,https://builtin.com/job/applied-ai-engineer-germany-based/11227583,11227583,2026-09-23
Forward Deployed Engineer - Physical AI,Nebius,,,,,https://builtin.com/job/forward-deployed-engineer-physical-ai/11226765,11226765,2026-09-23
"AI RnD Engineer, XeSS and Neural Graphics (f/m/d)",Intel,,,,,https://builtin.com/job/ai-rnd-engineer-xess-and-neural-graphics-f-m-d/11226055,11226055,2026-09-23
"Senior ML Engineer (AI Research, Physical AI)",Nebius,,,,,https://builtin.com/job/senior-ml-engineer-ai-research-physical-ai/11223547,11223547,2026-09-23
AI Platform Engineer (m/f/x),Scalable Capital,,,,,https://builtin.com/job/ai-platform-engineer-m-f-x/11040438,11040438,2026-09-23
AI Python Engineer – Public-Safety Solutions,DataPilot,,,,,https://builtin.com/job/ai-python-engineer-public-safety-solutions/11205131,11205131,2026-09-23
Senior AI/ML Engineer,N-iX,,,,,https://builtin.com/job/senior-ai-ml-engineer/11202862,11202862,2026-09-23
Senior ML Engineer (AI Research/ Portability),Nebius,,,,,https://builtin.com/job/senior-ml-engineer-ai-research-portability/11202635,11202635,2026-09-23
AI Platform Engineer (f/m/d),IDnow,,,,,https://builtin.com/job/it-integration-engineer-f-m-d/11022379,11022379,2026-09-23
"Staff Product Engineer, AI",Intercom,,,,,https://builtin.com/job/staff-product-engineer-ai/11017539,11017539,2026-09-23
"Senior AI Engineer, Location AI",Mapbox,,,,,https://builtin.com/job/senior-ai-engineer-location-ai/11137597,11137597,2026-09-23
Senior Full-Stack Engineer - AI Cost Visibility- Ukraine(Remote),DoiT,,,,,https://builtin.com/job/senior-full-stack-engineer-ai-cost-visibility-ukraine-remote/11127683,11127683,2026-09-23
Senior Full-Stack Engineer - AI Cost Visibility- Poland(Remote),DoiT,,,,,https://builtin.com/job/senior-full-stack-engineer-ai-cost-visibility-poland-remote/11127686,11127686,2026-09-23
Senior Full-Stack Engineer - AI Cost Visibility- Romania(Remote),DoiT,,,,,https://builtin.com/job/senior-full-stack-engineer-ai-cost-visibility-romania-remote/11127674,11127674,2026-09-23
Applied AI Engineer,Moss,,,,,https://builtin.com/job/applied-ai-engineer/10681286,10681286,2026-09-23
AI Backend Engineer (m/w/d),Align Technology,,,,,https://builtin.com/job/ai-backend-engineer-m-w-d/11102741,11102741,2026-09-23
"Founding AI Engineer @ Embedded AI Efficiency Layer, Berlin",Atlantic and FoodLabs,,,,,https://builtin.com/job/founding-ai-engineer-embedded-ai-efficiency-layer-berlin/10873486,10873486,2026-09-23
Senior Agentic AI Engineer,CUBE (cube.global),,,,,https://builtin.com/job/senior-agentic-ai-engineer/10867506,10867506,2026-09-23
Senior GTM Systems AI and Automation Engineer,Camunda,,,,,https://builtin.com/job/senior-gtm-systems-ai-and-automation-engineer/11011060,11011060,2026-09-23
AI/ML Engineer,CACI International Inc,,,,,https://builtin.com/job/ai-ml-engineer/11003727,11003727,2026-09-23
"Staff AI Engineer, Payments Intelligence",Yuno,,,,,https://builtin.com/job/staff-ai-engineer-payments-intelligence/10946289,10946289,2026-09-23
Senior AI Engineer - Agentic Systems,N-iX,,,,,https://builtin.com/job/senior-ai-engineer-agentic-systems/10909870,10909870,2026-09-23
Senior AI Engineer (m/f/d),Kayzen,,,,,https://builtin.com/job/senior-ai-engineer-m-f-d/10913845,10913845,2026-09-23
AI Engineer,Shopfully,,,,,https://builtin.com/job/ai-engineer/10892188,10892188,2026-09-23
AI Augmented Software Engineer [gn] Data Intelligence Platform,Actian,,,,,https://builtin.com/job/ai-augmented-software-engineer-gn-data-intelligence-platform/10889666,10889666,2026-09-23
Senior Libraries Engineer – AI and HPC,NVIDIA,,,,,https://builtin.com/job/senior-libraries-engineer-ai-and-hpc/10876515,10876515,2026-09-23
Senior Sales Engineer - AI Agents (DACH),NICE,,,,,https://builtin.com/job/senior-sales-engineer-ai-agents-dach/10870596,10870596,2026-09-23
AI Technical Lead - Developer Tooling,JetBrains,,,,,https://builtin.com/job/ai-technical-lead-c-ecosystem/9774994,9774994,2026-09-23
Lead Software Engineer - Java & AI,JPMorganChase,,,,,https://builtin.com/job/lead-software-engineer-java-ai/11045235,11045235,2026-09-23
"Software Engineer III – AI/ML Data Platforms (Python, Cloud Native)",JPMorganChase,,,,,https://builtin.com/job/software-engineer-iii-ai-ml-data-platforms-python-cloud-native/11250585,11250585,2026-09-23
Legal Engineer - Applied AI Knowledge,Legora,,,,,https://builtin.com/job/legal-engineer-applied-ai-knowledge/11177552,11177552,2026-09-23
Senior Software Engineer - AI Safety Detection Precision,Samsara,,,,,https://builtin.com/job/senior-software-engineer-safety-detection-precision/9866749,9866749,2026-09-23
"Principal Forward Deployed Engineer, AI (Remote UK)",Atlassian,,,,,https://builtin.com/job/principal-forward-deployed-engineer-ai-remote-uk/11147178,11147178,2026-09-23
"Full-Stack Engineer – ML Platform, Applied AI – Vice President",JPMorganChase,,,,,https://builtin.com/job/full-stack-engineer-ml-platform-applied-ai-vice-president/11101984,11101984,2026-09-23
Lead Software Engineer - AI Engineering,JPMorganChase,,,,,https://builtin.com/job/lead-software-engineer-ai-engineering/11022918,11022918,2026-09-23
Software Engineer III - AI Engineering,JPMorganChase,,,,,https://builtin.com/job/software-engineer-iii-ai-engineering/11022908,11022908,2026-09-23
"Machine Learning Engineer, Generative AI (Image & Video)",Snap Inc.,,,,,https://builtin.com/job/senior-machine-learning-engineer-generative-ai-image-video/10949061,10949061,2026-09-23
"Software Engineer III - Fullstack (Java, React, Python and AI) Engineer",JPMorganChase,,,,,https://builtin.com/job/software-engineer-iii-fullstack-java-react-python-and-ai-engineer/10310339,10310339,2026-09-23
AI engineer (UK),Writer,,,,,https://builtin.com/job/ai-engineer-uk/11320266,11320266,2026-09-23
AI deployment engineer (UK),Writer,,,,,https://builtin.com/job/ai-deployment-engineer-uk/11320235,11320235,2026-09-23
"Software engineer, generative AI (UK)",Writer,,,,,https://builtin.com/job/software-engineer-generative-ai-uk/11317662,11317662,2026-09-23
Forward Deployed Engineer - AI & Agentic Engineer,Kyndryl,,,,,https://builtin.com/job/forward-deployed-engineer-ai-agentic-engineer/11179644,11179644,2026-09-23
"AVP, AI Engineer",MUFG,,,,,https://builtin.com/job/avp-ai-engineer/11307058,11307058,2026-09-23
Senior AI Engineer,RightShip,,,,,https://builtin.com/job/senior-ai-engineer/11301282,11301282,2026-09-23
Senior AI Product Engineer (React / Typescript) - UX,Landytech,,,,,https://builtin.com/job/senior-ai-product-engineer-react-typescript/11287772,11287772,2026-09-23
AI Engineer,SLR Consulting,,,,,https://builtin.com/job/ai-engineer/11285422,11285422,2026-09-23
AI Engineer,Solirius Consulting,,,,,https://builtin.com/job/ai-engineer/11285305,11285305,2026-09-23
Forward Deployed Engineer - Lead AI & Agentic Engineer,Kyndryl,,,,,https://builtin.com/job/forward-deployed-engineer-lead-ai-agentic-engineer/11179638,11179638,2026-09-23
Principal Angular Engineer || AI,IFS,,,,,https://builtin.com/job/principal-angular-engineer-ai/11278710,11278710,2026-09-23
Principal Engineer (Data & AI Capabilities),CTM Data & Electrical,,,,,https://builtin.com/job/principal-engineer-data-ai-capabilities/11275895,11275895,2026-09-23
"Manager, AI Growth Engineer",IFM Investors,,,,,https://builtin.com/job/manager-ai-growth-engineer/11275730,11275730,2026-09-23
"Senior Manager, AI/ML Engineer",Baringa,,,,,https://builtin.com/job/senior-manager-ai-ml-engineer/11267856,11267856,2026-09-23
"Senior Consultant/Manager, AI/ML Engineer",Baringa,,,,,https://builtin.com/job/senior-consultant-manager-ai-ml-engineer/11267831,11267831,2026-09-23
"Senior Backend Engineer (Ruby), AI Catalog: External Agents",GitLab,,,,,https://builtin.com/job/senior-backend-engineer-ruby-ai-catalog-external-agents/10928467,10928467,2026-09-23
"Staff Software Engineer, AI and Data Risk",Vanta,,,,,https://builtin.com/job/staff-software-engineer-ai-and-data-risk/11256330,11256330,2026-09-23
"Vice President, Senior AI Engineer",MUFG,,,,,https://builtin.com/job/vice-president-senior-ai-engineer/11255975,11255975,2026-09-23
AI Engineer,Norton Rose Fulbright,,,,,https://builtin.com/job/ai-engineer/11254624,11254624,2026-09-23
Senior AI Product Engineer,Elliptic,,,,,https://builtin.com/job/senior-ai-product-engineer/11252603,11252603,2026-09-23
"Applied AI Engineer, Quants",OpenAI,,,,,https://builtin.com/job/applied-ai-engineer-quants/11250441,11250441,2026-09-23
AI Platform Support Engineer (EMEA),Lightning AI,,,,,https://builtin.com/job/ai-platform-support-engineer-emea/11248618,11248618,2026-09-23
"Research Engineer, AI/ML Systems",Lightning AI,,,,,https://builtin.com/job/research-engineer-ai-ml-systems/11248588,11248588,2026-09-23
Senior QA Automation Engineer - AI,Anaplan,,,,,https://builtin.com/job/senior-qa-automation-engineer-ai/11231819,11231819,2026-09-23
QA Automation Engineer - AI,Anaplan,,,,,https://builtin.com/job/qa-automation-engineer-ai/11231811,11231811,2026-09-23
AI Automation Engineer,Planet (weareplanet.com),,,,,https://builtin.com/job/ai-automation-engineer/11231534,11231534,2026-09-23
AI Engineer,Ten Lifestyle Group,,,,,https://builtin.com/job/ai-engineer/11229076,11229076,2026-09-23
Senior AI Platform Engineer,9fin,,,,,https://builtin.com/job/senior-ai-platform-engineer/11217122,11217122,2026-09-23
Senior AI Engineer,9fin,,,,,https://builtin.com/job/senior-ai-engineer/11217080,11217080,2026-09-23
Senior AI Engineer - Legal AI,9fin,,,,,https://builtin.com/job/senior-ai-engineer-legal-ai/11217073,11217073,2026-09-23
AI Engineer,9fin,,,,,https://builtin.com/job/ai-engineer/11217071,11217071,2026-09-23
AI Platform Engineer,M+C Saatchi Group,,,,,https://builtin.com/job/ai-platform-engineer/11211883,11211883,2026-09-23
AI SDLC Forward Deployed Engineer – Associate Manager,Accenture,,,,,https://builtin.com/job/ai-sdlc-forward-deployed-engineer-associate-manager/11207371,11207371,2026-09-23
AI Engineer - E2,Nationwide Building Society,,,,,https://builtin.com/job/ai-engineer-e2/11202036,11202036,2026-09-23
Lead AI Engineer - E3,Nationwide Building Society,,,,,https://builtin.com/job/lead-ai-engineer-e3/11202033,11202033,2026-09-23
AI Accelerated Applications Engineer,Mundipharma,,,,,https://builtin.com/job/ai-accelerated-applications-engineer/11198375,11198375,2026-09-23
Senior AI/Data Science Platform Engineer,Medtronic,,,,,https://builtin.com/job/senior-ai-data-science-platform-engineer/11195389,11195389,2026-09-23
AI Application Engineer - LangGraph & Agentic AI,Belmont Lavan Ltd,,,,,https://builtin.com/job/ai-application-engineer-langgraph-agentic-ai/11194941,11194941,2026-09-23
Bioinformatics Applied AI Engineer,Bactobio,,,,,https://builtin.com/job/bioinformatics-applied-ai-engineer/11189063,11189063,2026-09-23
AI Engineer,Travtus,,,,,https://builtin.com/job/ai-engineer/11188886,11188886,2026-09-23
Applied AI Engineer (Staff Level),Elyos AI,,,,,https://builtin.com/job/applied-ai-engineer-staff-level/11188785,11188785,2026-09-23
Forward Deployed AI Engineer,Barings,,,,,https://builtin.com/job/forward-deployed-ai-engineer/11187895,11187895,2026-09-23
Full Stack Engineer - AI Engineering - New Capabilities,IFS,,,,,https://builtin.com/job/full-stack-engineer-ai-engineering-new-capabilities/11178667,11178667,2026-09-23
"Applied AI Engineer, Government, International",OpenAI,,,,,https://builtin.com/job/applied-ai-engineer-government-international/11170682,11170682,2026-09-23
Machine Learning Engineer/AI Engineer,RELX,,,,,https://builtin.com/job/full-stack-machine-learning-engineer/9910276,9910276,2026-09-23
AI Engineer,Lendable,,,,,https://builtin.com/job/ai-engineer/11161674,11161674,2026-09-23
AI Product Engineer,Magentic,,,,,https://builtin.com/job/ai-product-engineer/11160949,11160949,2026-09-23
Principal AI Engineer - Context - Agents and Context,Elastic,,,,,https://builtin.com/job/principal-ai-engineer-context-agents-and-context/11314695,11314695,2026-09-23
Design Engineer (UX/UI & Front End) - Lead - AI,Landytech,,,,,https://builtin.com/job/design-engineer-ux-ui-front-end-lead-ai/11138424,11138424,2026-09-23
Senior Microsoft Power Platform and AI Developer,Methods,,,,,https://builtin.com/job/senior-microsoft-power-platform-and-ai-developer/11130498,11130498,2026-09-23
Senior AI/ML Engineer,Bupa,,,,,https://builtin.com/job/senior-ai-ml-engineer/11126711,11126711,2026-09-23
"Applied AI Engineer, Codex",OpenAI,,,,,https://builtin.com/job/applied-ai-engineer-codex/11125731,11125731,2026-09-23
"Senior Systems Engineer, Workers AI",Cloudflare,,,,,https://builtin.com/job/senior-systems-engineer-workers-ai/10449708,10449708,2026-09-23
Applied AI Engineer,Dwelly,,,,,https://builtin.com/job/applied-ai-engineer/11267305,11267305,2026-09-23
"Platform Engineer, AI Enablement",Wayve,,,,,https://builtin.com/job/platform-engineer-ai-enablement/11078014,11078014,2026-09-23
"Applied AI Engineer, Beneficial Deployments (Life Sciences)",Anthropic,,,,,https://builtin.com/job/applied-ai-architect-beneficial-deployments-life-sciences/11077922,11077922,2026-09-23
Senior AI Engineer (AI Platform),ASOS,,,,,https://builtin.com/job/senior-ai-engineer-ai-platform/11077227,11077227,2026-09-23
"Senior Software Developer, Realtime (Brahma AI - A DNEG Dedicated Unit of Brahma)",BRAHMA AI,,,,,https://builtin.com/job/senior-software-developer-realtime-brahma-ai-dneg-dedicated-unit-brahma/11072833,11072833,2026-09-23
"Software Developer, Creature Performance (Brahma AI - A DNEG Dedicated Unit of Brahma)",BRAHMA AI,,,,,https://builtin.com/job/software-developer-creature-performance-brahma-ai-dneg-dedicated-unit-brahma/11072839,11072839,2026-09-23
Forward Deployed Engineer — Platform (AI),IFS,,,,,https://builtin.com/job/forward-deployed-engineer-platform-ai/11070205,11070205,2026-09-23
Senior AI Engineer – Machine Learning (Computer Vision),ASOS,,,,,https://builtin.com/job/senior-ai-engineer-machine-learning-computer-vision/11063164,11063164,2026-09-23
Senior Applied AI Engineer,blp,,,,,https://builtin.com/job/applied-ai-engineer/10154592,10154592,2026-09-23
Full Stack AI Engineer,Ryan,,,,,https://builtin.com/job/full-stack-ai-engineer/11050695,11050695,2026-09-23
Senior AI Automation Engineer,RSM UK Group LLP,,,,,https://builtin.com/job/senior-ai-automation-engineer/11050320,11050320,2026-09-23
AI Forward Deployed Engineer - London,Databricks,,,,,https://builtin.com/job/ai-engineer-fde-forward-deployed-engineer/10147418,10147418,2026-09-23
"Senior Developer Relations Manager, EMEA AI Natives UK&I",NVIDIA,,,,,https://builtin.com/job/senior-developer-relations-manager-emea-ai-natives-uk-i/11236092,11236092,2026-09-23
Senior AI Engineer (GTM),Paddle,,,,,https://builtin.com/job/senior-ai-engineer-gtm/11233508,11233508,2026-09-23
"Software Engineer II, AI Enablement Team",Swap Commerce,,,,,https://builtin.com/job/software-engineer-ii-ai-enablement-team/11039277,11039277,2026-09-23
"Director, AI / Machine Learning Software Engineer",BNY,,,,,https://builtin.com/job/director-ai-machine-learning-software-engineer/11038936,11038936,2026-09-23
"AI Engineer, Biggy Engineering",BigPanda,,,,,https://builtin.com/job/ai-engineer-biggy-engineering/11157567,11157567,2026-09-23
Software Engineering Tech Lead (SRE + AI),Cisco,,,,,https://builtin.com/job/software-engineering-tech-lead-sre-ai/11020673,11020673,2026-09-23
Senior Applied AI Engineer (Defence Contractor),Oxford Dynamics,,,,,https://builtin.com/job/senior-applied-ai-engineer-defence-contractor/11020130,11020130,2026-09-23
"Senior Software Engineer, Platform - AI Portal",Wayve,,,,,https://builtin.com/job/platform-engineer/9516309,9516309,2026-09-23
Production AI Engineer - Vice President,Citi,,,,,https://builtin.com/job/production-ai-engineer-vice-president/10306134,10306134,2026-09-23
Principal AI Engineer,Blend360,,,,,https://builtin.com/job/principal-ai-engineer/11000885,11000885,2026-09-23
"Senior Solutions Engineer (Presales, Technical, Data and AI)",Databricks,,,,,https://builtin.com/job/sr-solutions-engineer/10767282,10767282,2026-09-23
Principal AI Engineer,Anaplan,,,,,https://builtin.com/job/principal-ai-engineer/10981914,10981914,2026-09-23
Principal Engineer - AI,Anaplan,,,,,https://builtin.com/job/principal-engineer-ai/10981922,10981922,2026-09-23
Lead Generative AI Engineer,Motorway,,,,,https://builtin.com/job/lead-generative-ai-engineer/10976928,10976928,2026-09-23
Senior Software Engineer - AI Products (SVP),Citi,,,,,https://builtin.com/job/senior-engineer-engineering-lead-senior-vice-president/10795423,10795423,2026-09-23
AI Engineer - Agentic Systems,DNV,,,,,https://builtin.com/job/ai-engineer-agentic-systems/10963597,10963597,2026-09-23
Senior Full-Stack Engineer - AI Cost Visibility,DoiT,,,,,https://builtin.com/job/senior-full-stack-engineer-ai-cost-visibility/11127685,11127685,2026-09-23
Senior AI Engineer,Infios,,,,,https://builtin.com/job/senior-ai-engineer/11126952,11126952,2026-09-23
AI Client Support Engineer,Intapp,,,,,https://builtin.com/job/ai-client-support-engineer/10935906,10935906,2026-09-23
"Senior Software Engineer, AI & Platform APIs (Remote, International)",WebMD,,,,,https://builtin.com/job/senior-software-engineer-ai-platform-apis-remote-international/11072452,11072452,2026-09-23
Applied AI Engineer,Nasstar,,,,,https://builtin.com/job/junior-applied-ai-engineer/11041302,11041302,2026-09-23
Supply Chain and Manufacturing AI Senior Product Engineer,Mars,,,,,https://builtin.com/job/supply-chain-and-manufacturing-ai-senior-product-engineer/11038252,11038252,2026-09-23
AI Software Engineer,Zebra Technologies,,,,,https://builtin.com/job/ai-software-engineer/10888323,10888323,2026-09-23
"Software Engineer, AI Libraries",Wayve,,,,,https://builtin.com/job/software-engineer/10866689,10866689,2026-09-23
AI Developer,SunCore Digital,,,,,https://builtin.com/job/ai-developer/10863432,10863432,2026-09-23
AI DevOps Engineer,BlueCrest Capital Management,,,,,https://builtin.com/job/ai-devops-engineer/10851239,10851239,2026-09-23
Supply Chain and Manufacturing AI Product Engineer,Mars,,,,,https://builtin.com/job/supply-chain-and-manufacturing-ai-product-engineer/11022313,11022313,2026-09-23
AI Research Engineer,Prolific,,,,,https://builtin.com/job/ai-research-engineer/10981399,10981399,2026-09-23
AI Infrastructure Engineer,Intercom,,,,,https://builtin.com/job/ai-infrastructure-engineer/9081453,9081453,2026-09-23
AI/ML Engineer,Pythian,,,,,https://builtin.com/job/ai-ml-engineer/10928795,10928795,2026-09-23
Agentic AI Engineer,Parser,,,,,https://builtin.com/job/forward-deployed-engineer-ai-agents/10928593,10928593,2026-09-23
Python Engineer (AI/Platform/Modelling/Data),Modo Energy,,,,,https://builtin.com/job/python-engineer-terminal-modelling-data/10731089,10731089,2026-09-23
Frontend Engineer (AI/Platform),Modo Energy,,,,,https://builtin.com/job/frontend-engineer-ko-terminal/10731086,10731086,2026-09-23
Senior Applied AI Engineer,Nasstar,,,,,https://builtin.com/job/senior-applied-ai-engineer/10874086,10874086,2026-09-23
Generative AI Pipeline Engineer (Tech Lead),CapsLock (capslock.global),,,,,https://builtin.com/job/generative-ai-pipeline-engineer-tech-lead/10436646,10436646,2026-09-23
Senior Salesforce AI Engineer,Goodlord,,,,,https://builtin.com/job/senior-business-systems-analyst/9530127,9530127,2026-09-23
AI Solutions Engineer,Cisco,,,,,https://builtin.com/job/solutions-engineer/10574799,10574799,2026-09-23
"Senior Software Engineer, Axon AI",Axon,,,,,https://builtin.com/job/senior-software-engineer-i/8638710,8638710,2026-09-23
"Senior Solution Engineer - AI Apps & Agents, Public Sector",Microsoft,,,,,https://builtin.com/job/senior-solution-engineer-ai-apps-agents-public-sector/10996174,10996174,2026-09-23
AI Engineer - Network,Royal KPN N.V.,,,,,https://builtin.com/job/ai-engineer-network/11249364,11249364,2026-09-23
Senior AI Engineer,Banyan Software,,,,,https://builtin.com/job/senior-ai-engineer/11195523,11195523,2026-09-23
AI Engineer,Vattenfall AB,,,,,https://builtin.com/job/ai-engineer/11178736,11178736,2026-09-23
AI Systems Engineer - Agents & Inference,Axelera AI,,,,,https://builtin.com/job/ai-systems-engineer-agents-inference/11177671,11177671,2026-09-23
AI Platform Engineer,Kyndryl,,,,,https://builtin.com/job/ai-platform-engineer/11171160,11171160,2026-09-23
Senior AI Product Engineer (Full-Stack),Futurewhiz,,,,,https://builtin.com/job/senior-ai-product-engineer-full-stack/11150945,11150945,2026-09-23
Medior AI Product Engineer (Full-Stack),Futurewhiz,,,,,https://builtin.com/job/medior-ai-product-engineer-full-stack/11150948,11150948,2026-09-23
"Senior Innovation Hub Engineer | AI, Cloud & Manufacturing",Microsoft,,,,,https://builtin.com/job/senior-innovation-hub-engineer-ai-cloud-manufacturing/11023721,11023721,2026-09-23
AI Engineer,Suitsupply,,,,,https://builtin.com/job/ai-engineer/11050693,11050693,2026-09-23
AI Solutions Engineer,Metyis,,,,,https://builtin.com/job/ai-solution-engineer/11044190,11044190,2026-09-23
Staff AI Engineer - Agentic Shopping,Picnic Technologies,,,,,https://builtin.com/job/staff-ai-engineer-agentic-shopping/11017764,11017764,2026-09-23
Staff Backend Engineer – AI,Stream,,,,,https://builtin.com/job/staff-backend-engineer-ai/10833428,10833428,2026-09-23
AI Engineer 4,Capital One,,,,,https://builtin.com/job/ai-engineer-4/11324000,11324000,2026-09-23
AI Engineer 4 (AI Foundations),Capital One,,,,,https://builtin.com/job/ai-engineer-4-ai-foundations/11323960,11323960,2026-09-23
"AI Engineer 5 (AI Foundations, LLM Core and Agentic AI)",Capital One,,,,,https://builtin.com/job/ai-engineer-5-ai-foundations-llm-core-and-agentic-ai/11323978,11323978,2026-09-23
"AI Engineer 4 (AI Foundations, LLM Core and Agentic AI)",Capital One,,,,,https://builtin.com/job/ai-engineer-4-ai-foundations-llm-core-and-agentic-ai/11323975,11323975,2026-09-23
"AI Engineer 5 ((AI Foundations, LLM Core and Agentic AI)",Capital One,,,,,https://builtin.com/job/ai-engineer-5-ai-foundations-llm-core-and-agentic-ai/11323926,11323926,2026-09-23
"Sr. Manager, AI Engineer (IFX)",Capital One,,,,,https://builtin.com/job/sr-manager-ai-engineer-ifx/11323915,11323915,2026-09-23
"Senior AI Enablement Engineer, People",Justworks,,,,,https://builtin.com/job/senior-ai-enablement-engineer-people/11315355,11315355,2026-09-23
"Research Engineer, Applied AI",Agentio,,,,,https://builtin.com/job/research-engineer-applied-ai/11289398,11289398,2026-09-23
"Staff Software Engineer, Agentic AI",MongoDB,,,,,https://builtin.com/job/staff-software-engineer-agentic-ai/11285483,11285483,2026-09-23
"AI Engineer 5 (LLM Gateway, FM Hosting)",Capital One,,,,,https://builtin.com/job/ai-engineer-5-llm-gateway-fm-hosting/11268251,11268251,2026-09-23
"AI Engineer 4 (MLX, Agentic AI, Gen AI platform Services)",Capital One,,,,,https://builtin.com/job/ai-engineer-4-mlx-agentic-ai-gen-ai-platform-services/11268246,11268246,2026-09-23
AI Engineer 5 (Gen AI Platform Services - Agentic AI),Capital One,,,,,https://builtin.com/job/ai-engineer-5-gen-ai-platform-services-agentic-ai/11268249,11268249,2026-09-23
"AI Engineer 5 (MLX, Agentic AI, Gen AI platform Services)",Capital One,,,,,https://builtin.com/job/ai-engineer-5-mlx-agentic-ai-gen-ai-platform-services/11268228,11268228,2026-09-23
"AI Engineer 4 (AI Foundations, VLM Customization)",Capital One,,,,,https://builtin.com/job/ai-engineer-4-ai-foundations-vlm-customization/11268214,11268214,2026-09-23
AI Engineer 5 (AI Foundations),Capital One,,,,,https://builtin.com/job/ai-engineer-5-ai-foundations/11268200,11268200,2026-09-23
"AI Engineer 5 (AI Foundations, VLM Customization)",Capital One,,,,,https://builtin.com/job/ai-engineer-5-ai-foundations-vlm-customization/11268215,11268215,2026-09-23
"AI Engineer 4 (AI Foundations: LLM Customization, Finetuning, Reinforcement Learning)",Capital One,,,,,https://builtin.com/job/ai-engineer-4-ai-foundations-llm-customization-finetuning-reinforcement-learning/11268210,11268210,2026-09-23
AI Engineer 5 (SDK's: Gen AI Evaluation and MCP),Capital One,,,,,https://builtin.com/job/ai-engineer-5-sdk-s-gen-ai-evaluation-and-mcp/11268213,11268213,2026-09-23
"Sr. Manager, AI Engineer (Gen AI Platform Services: Agentic AI, Guardrails, Evaluation)",Capital One,,,,,https://builtin.com/job/sr-manager-ai-engineer-gen-ai-platform-services-agentic-ai-guardrails-evaluation/11268219,11268219,2026-09-23
AI Engineer 2,Capital One,,,,,https://builtin.com/job/ai-engineer-2/11268216,11268216,2026-09-23
AI Engineer 3 (AI Foundations),Capital One,,,,,https://builtin.com/job/ai-engineer-3-ai-foundations/11268160,11268160,2026-09-23
"AI Engineer 5 (FM Hosting, LLM Inference)",Capital One,,,,,https://builtin.com/job/ai-engineer-5-fm-hosting-llm-inference/11268165,11268165,2026-09-23
"AI Engineer 4  (MLX, Agentic AI, Gen AI platform Services)",Capital One,,,,,https://builtin.com/job/ai-engineer-4-mlx-agentic-ai-gen-ai-platform-services/11268162,11268162,2026-09-23
"AI Engineer 5 (Gen AI Platform Services: Agentic AI, Guardrails, Evaluation)",Capital One,,,,,https://builtin.com/job/ai-engineer-5-gen-ai-platform-services-agentic-ai-guardrails-evaluation/11268187,11268187,2026-09-23
AI Engineer 5 (Gen AI Platform Services - Agentic Systems),Capital One,,,,,https://builtin.com/job/ai-engineer-5-gen-ai-platform-services-agentic-systems/11268173,11268173,2026-09-23
AI Engineer 5 (Gen AI Platform Services),Capital One,,,,,https://builtin.com/job/ai-engineer-5-gen-ai-platform-services/11268186,11268186,2026-09-23
"AI Engineer 4 (Gen AI Platform Services: Agentic AI, Agent Guardrails, Agent Evaluation, Agent Memory)",Capital One,,,,,https://builtin.com/job/ai-engineer-4-gen-ai-platform-services-agentic-ai-agent-guardrails-agent-evaluation-agent-memory/11268164,11268164,2026-09-23
"AI Engineer 5 (AI Foundations: LLM Customization, Finetuning, Reinforcement Learning)",Capital One,,,,,https://builtin.com/job/ai-engineer-5-ai-foundations-llm-customization-finetuning-reinforcement-learning/11268183,11268183,2026-09-23
AI Engineer 5,Capital One,,,,,https://builtin.com/job/ai-engineer-5/11268151,11268151,2026-09-23
"Senior Software Engineer, AI Enablement & Solutions",Morningstar,,,,,https://builtin.com/job/senior-software-engineer-ai-enablement-solutions/10851538,10851538,2026-09-23
AI Platform & Application Engineer - Vice President,BlackRock,,,,,https://builtin.com/job/ai-platform-application-engineer-vice-president/11237279,11237279,2026-09-23
Principal Software Engineer / AI Solution Consultant (Armis),ServiceNow,,,,,https://builtin.com/job/principal-software-engineer-ai-solution-consultant-armis/11219582,11219582,2026-09-23
"Sr. Manager, AI Solutions Expert-Agent Developer",Pfizer,,,,,https://builtin.com/job/sr-manager-ai-solutions-expert-agent-developer/11209194,11209194,2026-09-23
AML and Sanctions- AI Engineer- Senior Manager,PwC,,,,,https://builtin.com/job/aml-and-sanctions-ai-engineer-senior-manager/11198558,11198558,2026-09-23
Senior Associate - Python AI Developer,New York Life Insurance Company,,,,,https://builtin.com/job/senior-associate-python-ai-developer/11173390,11173390,2026-09-23
AML and Sanctions- AI Engineer- Manager,PwC,,,,,https://builtin.com/job/aml-and-sanctions-ai-engineer-manager/11147318,11147318,2026-09-23
SRE - Enterprise & Cloud Security - AI Driven Security -  Manager,PwC,,,,,https://builtin.com/job/sre-enterprise-cloud-security-ai-driven-security-manager/10922216,10922216,2026-09-23
SRE - Enterprise & Cloud Security - AI Driven Security - Senior Manager,PwC,,,,,https://builtin.com/job/sre-enterprise-cloud-security-ai-driven-security-senior-manager/10922227,10922227,2026-09-23
AIT - AI Senior Developer Manager,PwC,,,,,https://builtin.com/job/ait-ai-senior-developer-manager/10393970,10393970,2026-09-23
AML and Sanctions - AI Developer - Senior Associate,PwC,,,,,https://builtin.com/job/aml-and-sanctions-ai-developer-senior-associate/11147310,11147310,2026-09-23
"Staff Machine Learning Engineer, AI Insights",CoreWeave,,,,,https://builtin.com/job/staff-machine-learning-engineer-ai-insights/11091657,11091657,2026-09-23
"Senior Machine Learning Engineer, AI Insights",CoreWeave,,,,,https://builtin.com/job/senior-software-engineer-observability-insights/8376138,8376138,2026-09-23
"Lead AI Engineer (AI Foundations: LLM Customization, Finetuning, Reinforcement Learning)",Capital One,,,,,https://builtin.com/job/lead-ai-engineer-ai-foundations-llm-customization-finetuning-reinforcement-learning/11005313,11005313,2026-09-23
Corporate Vice President - Release Train Engineer (RTE) - Agentic AI Web Application,New York Life Insurance Company,,,,,https://builtin.com/job/corporate-vice-president-release-train-engineer-rte-agentic-ai-web-application/10882475,10882475,2026-09-23
Senior Staff AI Engineer,Capital One,,,,,https://builtin.com/job/senior-staff-ai-engineer/10985123,10985123,2026-09-23
Staff AI Engineer (Remote Eligible),Capital One,,,,,https://builtin.com/job/staff-ai-engineer-remote-eligible/10985126,10985126,2026-09-23
Principal Software Engineer - AI Foundations,JPMorganChase,,,,,https://builtin.com/job/principal-software-engineer-ai-foundations/10979914,10979914,2026-09-23
"Senior Software Engineer, AI",Maybern,,,,,https://builtin.com/job/senior-software-engineer-ai/10937348,10937348,2026-09-23
AI Engineer,CoreWeave,,,,,https://builtin.com/job/ai-engineer/10912106,10912106,2026-09-23
"Sr. Software Engineer, AI",Navan,,,,,https://builtin.com/job/sr-software-engineer-ai/10910136,10910136,2026-09-23
Lead Full-Stack AI Engineer,New York Life Insurance Company,,,,,https://builtin.com/job/lead-full-stack-ai-engineer/10902833,10902833,2026-09-23
Associate - Full-Stack AI Engineer,New York Life Insurance Company,,,,,https://builtin.com/job/associate-full-stack-ai-engineer/10902831,10902831,2026-09-23
Senior Associate - Full-Stack AI Engineer,New York Life Insurance Company,,,,,https://builtin.com/job/senior-associate-full-stack-ai-engineer/10902820,10902820,2026-09-23
"Senior Lead AI Engineer (AI Foundations: LLM Customization, Finetuning, Reinforcement Learning)",Capital One,,,,,https://builtin.com/job/senior-lead-ai-engineer-ai-foundations-llm-customization-finetuning-reinforcement-learning/10896702,10896702,2026-09-23
Principal AI Engineer,New York Life Insurance Company,,,,,https://builtin.com/job/principal-ai-engineer/10882479,10882479,2026-09-23
Forward Deployed AI Engineer (In Training),Turing,,,,,https://builtin.com/job/forward-deployed-ai-engineer-training/11242904,11242904,2026-09-23
AI deployment engineer (East),Writer,,,,,https://builtin.com/job/ai-deployment-engineer-east/11317723,11317723,2026-09-23
AI engineer,Writer,,,,,https://builtin.com/job/ai-engineer/11317683,11317683,2026-09-23
"Software engineer, generative AI",Writer,,,,,https://builtin.com/job/software-engineer-generative-ai/11317641,11317641,2026-09-23
AI Prompt Engineer(Contract),Broadridge,,,,,https://builtin.com/job/ai-prompt-engineer-contract/11315992,11315992,2026-09-23
"Software Engineer, Applied AI",Rebar,,,,,https://builtin.com/job/software-engineer-applied-ai/11314896,11314896,2026-09-23
AI Engineer (Agents),Félix (felixpago),,,,,https://builtin.com/job/ai-engineer-agents/11314217,11314217,2026-09-23
Software Engineer - AI,Custral,,,,,https://builtin.com/job/software-engineer-ai/11196357,11196357,2026-09-23
"Forward Deployed AI Engineer, Backend - New York",Draftwise,,,,,https://builtin.com/job/forward-deployed-ai-engineer-backend-new-york/11013878,11013878,2026-09-23
ML Ops / AI Infrastructure Engineer,ZeroSpace,,,,,https://builtin.com/job/ml-ops-ai-infrastructure-engineer/11251616,11251616,2026-09-23
"Software Engineer, Applied AI",Aaru,,,,,https://builtin.com/job/software-engineer-applied-ai/11293893,11293893,2026-09-23
"Principal Software Engineer / Architect – AI, CoCounsel FDE",Thomson Reuters,,,,,https://builtin.com/job/principal-software-engineer-architect-ai-cocounsel-fde/11292882,11292882,2026-09-23
Junior AI Engineer (Open to remote),Bertelsmann,,,,,https://builtin.com/job/junior-ai-engineer-open-remote/11292183,11292183,2026-09-23
"Director, AI / Machine Learning Data Engineer",BNY,,,,,https://builtin.com/job/director-ai-machine-learning-data-engineer/11290419,11290419,2026-09-23
"Senior AI Engineer, Post-Training",Carta,,,,,https://builtin.com/job/senior-ai-engineer-post-training/11284289,11284289,2026-09-23
2027 AI Engineer Summer Internship,Lazard,,,,,https://builtin.com/job/2027-ai-engineer-summer-internship/11280570,11280570,2026-09-23
Founding AI Product Engineer,Raydar,,,,,https://builtin.com/job/founding-ai-product-engineer/11268820,11268820,2026-09-23
Founding AI Engineer,Kyteagents,,,,,https://builtin.com/job/founding-ai-engineer/11226122,11226122,2026-09-23
Full-Stack AI Engineer,Appnovation,,,,,https://builtin.com/job/full-stack-ai-engineer/10915678,10915678,2026-09-23
"Software Engineer II, AI Performance",The Walt Disney Company,,,,,https://builtin.com/job/software-engineer-ii-ai-performance/11262837,11262837,2026-09-23
"Software Engineer II, AI Insights",The Walt Disney Company,,,,,https://builtin.com/job/software-engineer-ii-ai-insights/11262828,11262828,2026-09-23
"Senior AI Solutions Engineer, Data Science, Penguin Random House (Open to Remote)",Bertelsmann,,,,,https://builtin.com/job/senior-ai-solutions-engineer-data-science-penguin-random-house-open-remote/11262117,11262117,2026-09-23
"Senior Software Engineer, AI Team",Standard Bots,,,,,https://builtin.com/job/senior-software-engineer-ai-team/11255015,11255015,2026-09-23
GENERATIVE AI DEVELOPER GRADUATE INTERN,NYC Parks Arsenal West,,,,,https://builtin.com/job/generative-ai-developer-graduate-intern/11250687,11250687,2026-09-23
AI Platform Support Engineer (US),Lightning AI,,,,,https://builtin.com/job/ai-platform-support-engineer-us/11248582,11248582,2026-09-23
"Sr Software Engineer II, AI",LG Ad Solutions,,,,,https://builtin.com/job/sr-software-engineer-ii-ai/11244306,11244306,2026-09-23
Forward Deployed AI Engineer,Turing,,,,,https://builtin.com/job/forward-deployed-ai-engineer/11244076,11244076,2026-09-23
AI Engineer (French Speaking),Distyl AI,,,,,https://builtin.com/job/ai-engineer-french-speaking/11242866,11242866,2026-09-23
"Software Engineer, AI Product Security",Notion,,,,,https://builtin.com/job/software-engineer-ai-security/10765602,10765602,2026-09-23
"Senior / Staff Software Engineer, AI Systems","American Lighthouse, Inc.",,,,,https://builtin.com/job/senior-staff-software-engineer-ai-systems/11220874,11220874,2026-09-23
"Principal Engineer, AI Platform",Ridgeline,,,,,https://builtin.com/job/principal-engineer-ai-platform/11191783,11191783,2026-09-23
GTM AI Engineer,Zenity,,,,,https://builtin.com/job/gtm-ai-engineer/11217016,11217016,2026-09-23
AI Infrastructure Engineer,Percepta AI,,,,,https://builtin.com/job/ai-infrastructure-engineer/11210982,11210982,2026-09-23
Founding Engineer: AI Native HealthTech Startup,Kubera Health,,,,,https://builtin.com/job/founding-engineer-ai-native-healthtech-startup/11205253,11205253,2026-09-23
"Lead Software Engineer (Python, AWS, AI, Snowflake Databricks)",Capital One,,,,,https://builtin.com/job/lead-software-engineer-python-aws-ai-snowflake-databricks/10737885,10737885,2026-09-23
Senior AI Engineer – Human Capital,The D. E. Shaw Group,,,,,https://builtin.com/job/senior-ai-engineer-human-capital/11201642,11201642,2026-09-23
Contract-to-hire: Senior AI/ML Engineer,Absentia Labs,,,,,https://builtin.com/job/contract-hire-senior-ai-ml-engineer/11193796,11193796,2026-09-23
AI Platform Engineer / Architect - VP,Morgan Stanley,,,,,https://builtin.com/job/ai-platform-engineer-architect-vp/11192084,11192084,2026-09-23
Senior AI Software Engineer — T. Rowe Price Lab (NY or MD),T. Rowe Price,,,,,https://builtin.com/job/senior-ai-software-engineer-t-rowe-price-lab-ny-or-md/11167219,11167219,2026-09-23
Applied AI Software Engineer,Blossom Health,,,,,https://builtin.com/job/applied-ai-software-engineer/11166635,11166635,2026-09-23
DAC AI engineer,Afficiency,,,,,https://builtin.com/job/dac-ai-engineer/11165137,11165137,2026-09-23
AI Engineer,Raydar,,,,,https://builtin.com/job/ai-engineer/11159044,11159044,2026-09-23
AI Engineer (Applied LLM Systems),Discernis,,,,,https://builtin.com/job/ai-engineer-applied-llm-systems/11005633,11005633,2026-09-23
"Principal AI/ML Engineer, Semantic Data","Major League Soccer, L.L.C.",,,,,https://builtin.com/job/principal-ai-ml-engineer-semantic-data/11150947,11150947,2026-09-23
AI Embedded Business Automation Engineer,Hines,,,,,https://builtin.com/job/ai-embedded-business-automation-engineer/11148835,11148835,2026-09-23
"Senior Backend Software Engineer, AI Observability & Evals Platform (LangSmith)",LangChain,,,,,https://builtin.com/job/senior-backend-software-engineer-ai-observability-evals-platform-langsmith/11148200,11148200,2026-09-23
"Senior Fullstack Engineer,  AI Observability & Evals Platform",LangChain,,,,,https://builtin.com/job/senior-fullstack-engineer-ai-observability-evals-platform/11148199,11148199,2026-09-23
"AI Research Engineer, Computer Vision & VLMs",Palona AI,,,,,https://builtin.com/job/ai-research-engineer-computer-vision-vlms/11147210,11147210,2026-09-23
Lead AI Software Engineer - T. Rowe Price Lab (MD or NYC),T. Rowe Price,,,,,https://builtin.com/job/lead-ai-software-engineer-t-rowe-price-lab-md-or-nyc/11142449,11142449,2026-09-23
"Senior Software Engineer - AI, CoCounsel International",Thomson Reuters,,,,,https://builtin.com/job/senior-software-engineer-ai-cocounsel-international/11135781,11135781,2026-09-23
"Staff Software Engineer, Physical AI Orchestration",Destro AI,,,,,https://builtin.com/job/staff-software-engineer-physical-ai-orchestration/11134048,11134048,2026-09-23
AI Automation Engineer,"Greenboard, Inc.",,,,,https://builtin.com/job/ai-automation-engineer/11122224,11122224,2026-09-23
Associate AI Engineer,OneStream Software,,,,,https://builtin.com/job/associate-ai-engineer/11120672,11120672,2026-09-23
"Vice President, AI Infrastructure Support Engineer",BNY,,,,,https://builtin.com/job/vice-president-ai-infrastructure-support-engineer/11117254,11117254,2026-09-23
Senior AI/.NET Engineer,Milbank LLP,,,,,https://builtin.com/job/senior-ai-net-engineer/11096885,11096885,2026-09-23
AI Governance Engineer,dentsu,,,,,https://builtin.com/job/ai-governance-engineer/11094422,11094422,2026-09-23
AI Governance Engineer,Dentsu Creative,,,,,https://builtin.com/job/ai-governance-engineer/11093957,11093957,2026-09-23
Staff AI Engineer,Vendelux,,,,,https://builtin.com/job/staff-ai-engineer/11090610,11090610,2026-09-23
Data & AI Engineer,RevStar Consulting,,,,,https://builtin.com/job/data-ai-engineer/11090461,11090461,2026-09-23
AI Enablement Engineer,Socure,,,,,https://builtin.com/job/ai-enablement-engineer/11078218,11078218,2026-09-23
Staff Software Engineer (Applied AI),Traba,,,,,https://builtin.com/job/staff-software-engineer-applied-ai/11078030,11078030,2026-09-23
Senior AI Engineer,Calliere,,,,,https://builtin.com/job/senior-ai-engineer/11075458,11075458,2026-09-23
"Lead AI Engineer (AI Foundations, LLM Core and Agentic AI)",Capital One,,,,,https://builtin.com/job/lead-ai-engineer-ai-foundations-llm-core-and-agentic-ai/7575304,7575304,2026-09-23
"Senior Lead AI Engineer (AI Foundations, LLM Core and Agentic AI)",Capital One,,,,,https://builtin.com/job/senior-lead-ai-engineer-ai-foundations-llm-core-and-agentic-ai/7575332,7575332,2026-09-23
Senior / Staff AI Engineer,Snorkel AI,,,,,https://builtin.com/job/senior-staff-ai-engineer/11065021,11065021,2026-09-23
Outbound AI Engineer,Nimble,,,,,https://builtin.com/job/outbound-ai-engineer/11059004,11059004,2026-09-23
"Software Engineer, Applied AI",Kaizen Labs,,,,,https://builtin.com/job/software-engineer-applied-ai/11053968,11053968,2026-09-23
AI Solutions Engineer (New York),Reindeer AI,,,,,https://builtin.com/job/ai-solutions-engineer-new-york/11053732,11053732,2026-09-23
AI Solution Engineer,Appnovation,,,,,https://builtin.com/job/ai-solution-engineer/11052048,11052048,2026-09-23
AI Engineer,Novella,,,,,https://builtin.com/job/ai-engineer/11051227,11051227,2026-09-23
Lead AI Engineer (AI Foundations),Capital One,,,,,https://builtin.com/job/lead-ai-engineer-ai-foundations/8943670,8943670,2026-09-23
Applied AI Engineer,MaintainX,,,,,https://builtin.com/job/applied-ai-engineer/11030202,11030202,2026-09-23
"Software Engineer, Applied AI",Mercor,,,,,https://builtin.com/job/software-engineer-applied-ai/11029543,11029543,2026-09-23
Lead Applied AI Engineer,LangChain,,,,,https://builtin.com/job/lead-applied-ai-engineer/11027465,11027465,2026-09-23
Software Engineer (AI),Pendo.io,,,,,https://builtin.com/job/software-engineer-full-stack/10877545,10877545,2026-09-23
"Applied AI, Research Engineer",Anthropic,,,,,https://builtin.com/job/applied-ai-research-engineer/11021707,11021707,2026-09-23
Founding Product FullStack Engineer – AI Fintech (Remote  - US Based),Truelogic Software,,,,,https://builtin.com/job/founding-product-fullstack-engineer-ai-fintech-remote-us-based/11012250,11012250,2026-09-23
"Distinguished Engineer, AI Applications",GEICO,,,,,https://builtin.com/job/distinguished-engineer-ai-applications/11008437,11008437,2026-09-23
Senior Software Engineer: AI,Swayable,,,,,https://builtin.com/job/senior-software-engineer-ai/11005608,11005608,2026-09-23
AI/ML Software Engineer,Octaura,,,,,https://builtin.com/job/ai-ml-software-engineer/11004738,11004738,2026-09-23
AI Principal Engineer,Voya Financial,,,,,https://builtin.com/job/ai-principal-engineer/11003321,11003321,2026-09-23
"AI Engineer, Associate – Data Analytics & AI",Blackstone,,,,,https://builtin.com/job/ai-engineer-associate-data-analytics-ai/10990836,10990836,2026-09-23
"AI Engineer, Analyst – Data Analytics & AI",Blackstone,,,,,https://builtin.com/job/ai-engineer-analyst-data-analytics-ai/10990814,10990814,2026-09-23
Oliver Wyman - Senior Lead AI Engineer,Marsh McLennan,,,,,https://builtin.com/job/oliver-wyman-senior-lead-engineer/10879765,10879765,2026-09-23
Oliver Wyman - Senior Lead AI Engineer,Oliver Wyman,,,,,https://builtin.com/job/oliver-wyman-senior-lead-engineer/10881316,10881316,2026-09-23
AI Integration Software Engineer - Associate,Morgan Stanley,,,,,https://builtin.com/job/ai-integration-software-engineer-associate/10742740,10742740,2026-09-23
"Applied AI Engineer, GTM",Stuut,,,,,https://builtin.com/job/applied-ai-engineer-gtm/10969082,10969082,2026-09-23
Senior Python Developer - Quant Models AI Automation - Vice President,Citi,,,,,https://builtin.com/job/senior-python-developer-quant-models-ai-automation-vice-president/10960684,10960684,2026-09-23
AI Acceleration Engineer,Decagon,,,,,https://builtin.com/job/ai-acceleration-engineer/10959368,10959368,2026-09-23
Sr. AI Engineer,The Mutual Group,,,,,https://builtin.com/job/lead-ai-solutions-engineer/10952506,10952506,2026-09-23
New Grad AI Engineer,Nuvo,,,,,https://builtin.com/job/new-grad-ai-engineer/10942389,10942389,2026-09-23
"Senior Manager, Product Management - Developer Experience, AI Coding Tools & Developer Research",Capital One,,,,,https://builtin.com/job/senior-manager-product-management-developer-experience-ai-coding-tools/10485784,10485784,2026-09-23
Applied AI Engineer - Manager,Percepta AI,,,,,https://builtin.com/job/applied-ai-engineer-manager/10919079,10919079,2026-09-23
Applied AI Engineer,Avoca,,,,,https://builtin.com/job/forward-deployed-engineer/10910620,10910620,2026-09-23
AI/ML Engineer,Cinder,,,,,https://builtin.com/job/machine-learning-engineer/10894287,10894287,2026-09-23
AI Solutions Engineer,Ramp,,,,,https://builtin.com/job/ai-solutions-engineer/10884915,10884915,2026-09-23
"AI Engineer, Enablement",LangChain,,,,,https://builtin.com/job/ai-engineer-enablement/10882158,10882158,2026-09-23
"Senior Vice President, AI / Machine Learning Software Engineer",BNY,,,,,https://builtin.com/job/senior-vice-president-ai-machine-learning-software-engineer/10855736,10855736,2026-09-23
Senior AI / ML Engineer (LLMs),EvolutionIQ,,,,,https://builtin.com/job/senior-ai-ml-engineer-llms/10854838,10854838,2026-09-23
Staff AI Research Engineer,Standard Bots,,,,,https://builtin.com/job/staff-ai-research-engineer/10853015,10853015,2026-09-23
Staff AI/ML Engineer,Tetrix Inc,,,,,https://builtin.com/job/staff-ai-ml-engineer/10838251,10838251,2026-09-23
"Sr. Engineer, AI Application Development","Weil, Gotshal & Manges LLP",,,,,https://builtin.com/job/sr-engineer-ai-application-development/10833431,10833431,2026-09-23
Senior Full Stack Python Engineer - AI Applications,Consumer Reports,,,,,https://builtin.com/job/senior-full-stack-software-engineer-ai-applications/10833362,10833362,2026-09-23
"Analyst or Associate, AI Engineer",DESRI,,,,,https://builtin.com/job/associate-or-manager-data-science/9972977,9972977,2026-09-23
"Principal Engineer, AI Retrieval & Knowledge Platforms",LPL Financial,,,,,https://builtin.com/job/sr-ai-platform-engineer-retrieval-knowledge-systems/9962538,9962538,2026-09-23
"Software Engineer, Enterprise Applied AI",Mercor,,,,,https://builtin.com/job/software-engineer-applied-ai/9232976,9232976,2026-09-23
Founding Applied AI Engineer - Data,Percepta AI,,,,,https://builtin.com/job/founding-data-engineer/10515183,10515183,2026-09-23
AI Engineer (Junior/Senior),Schonfeld,,,,,https://builtin.com/job/senior-software-engineer/9207977,9207977,2026-09-23
Lead Software Engineer - Python/Gen AI/RAG,Wells Fargo,,,,,https://builtin.com/job/lead-software-engineer-python-gen-ai-rag/11323679,11323679,2026-09-23
HPC & AI Software - Engineering Resolution Engineer,Hewlett Packard Enterprise,,,,,https://builtin.com/job/hpc-ai-software-engineering-resolution-engineer/11321566,11321566,2026-09-23
AI ML Engineer,Optum,,,,,https://builtin.com/job/ai-ml-engineer/10485570,10485570,2026-09-23
"Software Engineer III - Java, Kafka, React, AI",JPMorganChase,,,,,https://builtin.com/job/software-engineer-iii-java-kafka-react-ai/11298492,11298492,2026-09-23
Lead Software Engineer - AIOps/Gen AI,Wells Fargo,,,,,https://builtin.com/job/lead-software-engineer-aiops-gen-ai/11294695,11294695,2026-09-23
"Senior Software Engineer, Applied AI and Customer Solutions",Coursera + Udemy,,,,,https://builtin.com/job/senior-software-engineer-applied-ai-and-customer-solutions/10859494,10859494,2026-09-23
Senior AI & Data Engineer,Hewlett Packard Enterprise,,,,,https://builtin.com/job/senior-ai-data-engineer/11285913,11285913,2026-09-23
"Principal Software Engineer - Oracle AI Agent Studio, Oracle etc.",Optum,,,,,https://builtin.com/job/principal-software-engineer-oracle-ai-agent-studio-oracle-etc/11285107,11285107,2026-09-23
AI Security Engineer,Micron Technology,,,,,https://builtin.com/job/ai-security-engineer/11281329,11281329,2026-09-23
"SR AI ENGINEER, SMAI",Micron Technology,,,,,https://builtin.com/job/sr-ai-engineer-smai/11057604,11057604,2026-09-23
Senior AI Engineer - SMAI,Micron Technology,,,,,https://builtin.com/job/senior-ai-engineer-smai/11041103,11041103,2026-09-23
"Staff AI Engineer, SMAI",Micron Technology,,,,,https://builtin.com/job/sr-engineer-software-development-smai/10426394,10426394,2026-09-23
Distinguished AI Engineer,Capital One,,,,,https://builtin.com/job/distinguished-ai-engineer/10962612,10962612,2026-09-23
Senior AI Engineer,Mastercard,,,,,https://builtin.com/job/senior-ai-engineer/10900241,10900241,2026-09-23
AI Automation Engineer Associate,JPMorganChase,,,,,https://builtin.com/job/ai-automation-engineer-associate/11250578,11250578,2026-09-23
"Senior Software Engineer - Python, Gen AI, LLM, Open AI",Wells Fargo,,,,,https://builtin.com/job/senior-software-engineer-python-gen-ai-llm-open-ai/11246291,11246291,2026-09-23
"Lead Software Engineer - AI/ML, Selenium, Java",JPMorganChase,,,,,https://builtin.com/job/lead-software-engineer-ai-ml-selenium-java/11245713,11245713,2026-09-23
Lead AI Engineer,Mastercard,,,,,https://builtin.com/job/lead-ai-engineer/11240045,11240045,2026-09-23
Senior AI/ML Engineer,Optum,,,,,https://builtin.com/job/senior-ai-ml-engineer/11236266,11236266,2026-09-23
Lead AI or ML Engineer,Optum,,,,,https://builtin.com/job/lead-ai-or-ml-engineer/11236271,11236271,2026-09-23
Lead AI/ML Engineer,Optum,,,,,https://builtin.com/job/lead-ai-ml-engineer/10854611,10854611,2026-09-23
Senior AI/ML Engineer - Bangalore,Optum,,,,,https://builtin.com/job/senior-ai-ml-engineer-bangalore/11212213,11212213,2026-09-23
AI/ML Engineer,Optum,,,,,https://builtin.com/job/ai-ml-engineer/10780293,10780293,2026-09-23
Senior AI/ML Engineer - MLOps & Production AI Platform,Optum,,,,,https://builtin.com/job/senior-ai-ml-engineer-mlops-production-ai-platform/11212091,11212091,2026-09-23
Associate AI/ML Engineer,Optum,,,,,https://builtin.com/job/associate-ai-ml-engineer/11212087,11212087,2026-09-23
AI Engineer,Motive,,,,,https://builtin.com/job/ai-engineer/11200259,11200259,2026-09-23
"Lead Software Engineer - Java, AI, React",JPMorganChase,,,,,https://builtin.com/job/lead-software-engineer-java-ai-react/11196372,11196372,2026-09-23
"Senior Software Engineer Lead-Amazon Connect, Lex, Dialogflow AI",Optum,,,,,https://builtin.com/job/senior-software-engineer-lead-amazon-connect-lex-dialogflow-ai/11166746,11166746,2026-09-23
"Principal AI Engineer, SMAI",Micron Technology,,,,,https://builtin.com/job/principal-ai-engineer-smai/11008500,11008500,2026-09-23
Lead AI Engineer,Wells Fargo,,,,,https://builtin.com/job/lead-ai-engineer/11147533,11147533,2026-09-23
Senior AI Platform Engineer ( Enterprise Systems),Motive,,,,,https://builtin.com/job/senior-ai-platform-engineer-enterprise-systems/11137965,11137965,2026-09-23
"Software Engineer 3, AI Framework Integrations",MongoDB,,,,,https://builtin.com/job/software-engineer-3-ai-framework-integrations/11130092,11130092,2026-09-23
"Principal Engineer - Java Full Stack-Generative AI, Agentic AI",Wells Fargo,,,,,https://builtin.com/job/principal-engineer-java-full-stack-generative-ai-agentic-ai/11124522,11124522,2026-09-23
AI Software Engineer,Micron Technology,,,,,https://builtin.com/job/ai-software-engineer/11077344,11077344,2026-09-23
AI Engineer,Micron Technology,,,,,https://builtin.com/job/ai-engineer/11077334,11077334,2026-09-23
VP - Sr Lead Software Engineer - Agentic AI,JPMorganChase,,,,,https://builtin.com/job/sr-lead-software-engineer/11073174,11073174,2026-09-23
"PRINCIPAL ENGINEER, AI ARCHITECT, SMAI",Micron Technology,,,,,https://builtin.com/job/principal-engineer-ai-architect-smai/11041071,11041071,2026-09-23
Principal AI/ML Engineer,Optum,,,,,https://builtin.com/job/principal-ai-ml-engineer/11032404,11032404,2026-09-23
"Senior Software Engineer (Python, AI ML Engineer)",Optum,,,,,https://builtin.com/job/senior-software-engineer/10692844,10692844,2026-09-23
"Senior Data Engineer - Data Bricks, Airflow, Snowflake, AI",Optum,,,,,https://builtin.com/job/senior-data-engineer-data-bricks-airflow-snowflake-ai/11024366,11024366,2026-09-23
Senior Software Engineer II-Agentic AI,DigitalOcean,,,,,https://builtin.com/job/senior-software-engineer-ii-agentic-ai/11018322,11018322,2026-09-23
"Senior AI/ML Engineer- Python, Databricks, LLM, Azure",Optum,,,,,https://builtin.com/job/senior-ai-ml-engineer-python-databricks-llm-azure/11005095,11005095,2026-09-23
"Senior Data Engineer-Data Bricks, Airflow, Snowflake, AI",Optum,,,,,https://builtin.com/job/senior-data-engineer-data-bricks-airflow-snowflake-ai/11005037,11005037,2026-09-23
Lead ML & AI Engineer,HERE Technologies,,,,,https://builtin.com/job/lead-ml-ai-engineer/10997959,10997959,2026-09-23
Principal Engineer - Gen AI,Wells Fargo,,,,,https://builtin.com/job/principal-engineer/10994067,10994067,2026-09-23
Lead AI platform Engineer (DevOps),Mastercard,,,,,https://builtin.com/job/lead-ai-engineer/10967373,10967373,2026-09-23
"Principal Engineer - Gen AI, LLM, RAG, Agentic AI",Wells Fargo,,,,,https://builtin.com/job/principal-engineer-gen-ai/10946801,10946801,2026-09-23
Sr Lead Software Engineer - Agentic AI Solutions,JPMorganChase,,,,,https://builtin.com/job/sr-lead-software-engineer/10946306,10946306,2026-09-23
SR AI Engineer,Micron Technology,,,,,https://builtin.com/job/sr-ai-engineer/10938821,10938821,2026-09-23
Senior Software Engineer I-Agentic AI,DigitalOcean,,,,,https://builtin.com/job/senior-software-engineer-i-agentic-ai/10888177,10888177,2026-09-23
Engineer III - AI Powered SRE (UK Shift Timing),CrowdStrike,,,,,https://builtin.com/job/engineer-iii-ai-powered-sre-uk-shift-timing/10885971,10885971,2026-09-23
Senior Lead Software Engineer - Java & AI,JPMorganChase,,,,,https://builtin.com/job/senior-lead-software-engineer-java-ai/10843805,10843805,2026-09-23
Sr. Principal Engineer AI/ML System Integration,Eli Lilly and Company,,,,,https://builtin.com/job/sr-principal-engineer-ai-ml-system-integration/11323659,11323659,2026-09-23
AI / ML Engineer,Accenture,,,,,https://builtin.com/job/ai-ml-engineer/11323473,11323473,2026-09-23
Responsible AI Engineer,Accenture,,,,,https://builtin.com/job/responsible-ai-engineer/11039842,11039842,2026-09-23
"Engineer, Automations (AI/ML),Technical support",Inari Medical,,,,,https://builtin.com/job/engineer-automations-ai-ml-technical-support/11003661,11003661,2026-09-23
AI Engineer,Mobility Global,,,,,https://builtin.com/job/ai-engineer/11315446,11315446,2026-09-23
AI Engineer,Simfluent,,,,,https://builtin.com/job/ai-engineer/11312604,11312604,2026-09-23
"Senior Knowledge Engineer, AI Enablement & Knowledge Systems",Blackbaud,,,,,https://builtin.com/job/senior-knowledge-engineer-ai-enablement-knowledge-systems/11311721,11311721,2026-09-23
AI/ML Engineer,ICloud Logic,,,,,https://builtin.com/job/ai-ml-engineer/11311700,11311700,2026-09-23
AI MLOPS/LLMOps Engineer,EXL,,,,,https://builtin.com/job/ai-mlops-llmops-engineer/11311020,11311020,2026-09-23
Lead AI Engineer I - R01571481,Brillio,,,,,https://builtin.com/job/lead-ai-engineer-i-r01571481/11310353,11310353,2026-09-23
Lead AI Engineer I - R01571482,Brillio,,,,,https://builtin.com/job/lead-ai-engineer-i-r01571482/11310349,11310349,2026-09-23
Quantaco - Senior Software Engineer (AI),Talent Formula,,,,,https://builtin.com/job/quantaco-senior-software-engineer-ai/11309922,11309922,2026-09-23
AI Engineer,Airbus,,,,,https://builtin.com/job/ai-engineer/11309099,11309099,2026-09-23
"Senior Full-Stack Software Engineer, AI & Data",Everbridge,,,,,https://builtin.com/job/senior-full-stack-software-engineer-ai-data/11308288,11308288,2026-09-23
Sr. AI/ML Developer,Ecosmob Technologies,,,,,https://builtin.com/job/sr-ai-ml-developer/11307523,11307523,2026-09-23
AI/ML Engineer,AlgoShack,,,,,https://builtin.com/job/ai-ml-engineer/11307456,11307456,2026-09-23
Full-Stack AI Engineer / Data Scientist – Agentic Systems,Roche,,,,,https://builtin.com/job/full-stack-ai-engineer-data-scientist-agentic-systems/10660412,10660412,2026-09-23
AI Engineer,Barclays,,,,,https://builtin.com/job/ai-engineer/10885733,10885733,2026-09-23
Artificial Intelligence Engineer ID87374,AgileEngine,,,,,https://builtin.com/job/artificial-intelligence-engineer-id87374/11039742,11039742,2026-09-23
AI Engineer II,MRI Software,,,,,https://builtin.com/job/ai-engineer-ii/11299963,11299963,2026-09-23
"Senior AI Engineer, Agentic AI",Applied Materials,,,,,https://builtin.com/job/senior-ai-engineer-agentic-ai/11299960,11299960,2026-09-23
Software Engineer - AI Research,kAIgentic,,,,,https://builtin.com/job/software-engineer-ai-research/11299730,11299730,2026-09-23
"Staff Engineer, AI Product",AlphaSense,,,,,https://builtin.com/job/staff-engineer-ai-product/11299424,11299424,2026-09-23
AI Engineer,GE Vernova,,,,,https://builtin.com/job/ai-engineer/11299151,11299151,2026-09-23
AI Engineer,ProArch,,,,,https://builtin.com/job/ai-engineer/11298512,11298512,2026-09-23
Agentic AI/ Prompt Engineer,EXL,,,,,https://builtin.com/job/agentic-ai-prompt-engineer/11298316,11298316,2026-09-23
Senior AI Engineer,Cyncly,,,,,https://builtin.com/job/senior-ai-engineer/11298148,11298148,2026-09-23
Software Engineer - AI/ML Fullstack Engineer,Maersk,,,,,https://builtin.com/job/software-engineer-ai-ml-fullstack-engineer/11296210,11296210,2026-09-23
Senior Software Engineer - AI I,Thomson Reuters,,,,,https://builtin.com/job/senior-software-engineer-ai-i/10517789,10517789,2026-09-23
Junior R&D Engineer (GEN AI/ML),Ubisoft,,,,,https://builtin.com/job/junior-r-d-engineer-gen-ai-ml/11295836,11295836,2026-09-23
Senior AI/ML Engineer - Platform,A.P. Moller - Maersk,,,,,https://builtin.com/job/senior-ai-ml-engineer-platform/11295505,11295505,2026-09-23
Senior Software Developer - Full Stack & AI Product Engineering,Kraftshala School of Business,,,,,https://builtin.com/job/senior-software-developer-full-stack-ai-product-engineering/11294845,11294845,2026-09-23
AI Site Reliability Engineer (AI SRE),Elfonze Technologies Pvt Ltd,,,,,https://builtin.com/job/ai-site-reliability-engineer-ai-sre/11294766,11294766,2026-09-23
AI Engineer SDE-III,jhana,,,,,https://builtin.com/job/ai-engineer-sde-iii/11190297,11190297,2026-09-23
Lead Software Engineer(Java/AI)_Vice President_Software Engineering,Morgan Stanley,,,,,https://builtin.com/job/lead-software-engineer-java-ai-vice-president-software-engineering/10908429,10908429,2026-09-23
Principal AI Engineer — ML / MLOps Platform Architect,Ecolab,,,,,https://builtin.com/job/principal-ai-engineer-ml-mlops-platform-architect/11282375,11282375,2026-09-23
AI engineer-Data Databricks Pltform,Ecolab,,,,,https://builtin.com/job/ai-engineer-data-databricks-pltform/11282372,11282372,2026-09-23
AI Engineer-Data Databricks Pltform,Ecolab,,,,,https://builtin.com/job/ai-engineer-data-databricks-pltform/11282366,11282366,2026-09-23
Full Stack Java and AI Developer - Assistant Vice President,Citi,,,,,https://builtin.com/job/full-stack-java-and-ai-developer-assistant-vice-president/11278731,11278731,2026-09-23
Software Engineer II - Backend Engineering (AI & Agentic Platforms),Akamai Technologies,,,,,https://builtin.com/job/software-engineer-ii-backend-engineering-ai-agentic-platforms/11039644,11039644,2026-09-23
"Principal Engineer, Agentic AI",Nagarro,,,,,https://builtin.com/job/principal-engineer-agentic-ai/11277536,11277536,2026-09-23
"Senior Staff Engineer, Generative AI",Nagarro,,,,,https://builtin.com/job/senior-staff-engineer-generative-ai/11277533,11277533,2026-09-23
AI Platform Engineer,Barclays,,,,,https://builtin.com/job/ai-platform-engineer/11276777,11276777,2026-09-23
Senior Python Engineer  (AI),Shuru,,,,,https://builtin.com/job/senior-backend-engineer-ai-ml/11276172,11276172,2026-09-23
Senior AI Engineer,Cummins,,,,,https://builtin.com/job/senior-ai-engineer/11275122,11275122,2026-09-23
Sr Fullstack Engineer- Advanced AI,Target,,,,,https://builtin.com/job/sr-fullstack-engineer-advanced-ai/11274751,11274751,2026-09-23
AI/ML Site Reliability Engineer,LSEG (London Stock Exchange Group),,,,,https://builtin.com/job/ai-ml-site-reliability-engineer/11274413,11274413,2026-09-23
AI Security Engineer,Syngenta Group,,,,,https://builtin.com/job/ai-security-engineer/11274325,11274325,2026-09-23
Senior AI Backend Engineer,Version 1,,,,,https://builtin.com/job/senior-ai-backend-engineer/11273845,11273845,2026-09-23
AI Engineer,Nurix Labs,,,,,https://builtin.com/job/ai-engineer/11273831,11273831,2026-09-23
AI Operations Engineer,Cisco,,,,,https://builtin.com/job/ai-operations-engineer/11273331,11273331,2026-09-23
AI Platform and Agentic Engineer,Intel,,,,,https://builtin.com/job/ai-platform-and-agentic-engineer/11273131,11273131,2026-09-23
AI/ML Engineer (Data Engineering + AI Focus),Maersk,,,,,https://builtin.com/job/ai-ml-engineer-data-engineering-ai-focus/11273090,11273090,2026-09-23
Oracle AI Developer,Elfonze Technologies Pvt Ltd,,,,,https://builtin.com/job/oracle-ai-developer/11273062,11273062,2026-09-23
Lead AI Engineer,Staples India,,,,,https://builtin.com/job/lead-ai-engineer/11272948,11272948,2026-09-23
Senior AI Engineer,Kion Group AG,,,,,https://builtin.com/job/senior-ai-engineer/11272395,11272395,2026-09-23
ServiceNow AI Developer,NTT DATA,,,,,https://builtin.com/job/servicenow-ai-developer/11269207,11269207,2026-09-23
AI/ML Software Engineer,bswift,,,,,https://builtin.com/job/ai-ml-software-engineer/11267364,11267364,2026-09-23
AI Engineer,NectarIT Technologies Private Limited,,,,,https://builtin.com/job/ai-engineer/11267293,11267293,2026-09-23
AI Engineer,Ecolab,,,,,https://builtin.com/job/ai-engineer/10927466,10927466,2026-09-23
AI Application Engineer,Johnson Controls,,,,,https://builtin.com/job/ai-application-engineer/11257382,11257382,2026-09-23
Senior Full Stack Java Developer – Agentic AI / AI-Assisted Development,Synthlane Technologies,,,,,https://builtin.com/job/senior-full-stack-java-developer-agentic-ai-ai-assisted-development/11257074,11257074,2026-09-23
"Salesforce CPQ,LWC developer with AI(Claude)",Infrabyte Technology Solution Pvt Ltd,,,,,https://builtin.com/job/salesforce-cpq-lwc-developer-ai-claude/11256583,11256583,2026-09-23
AI Developer,CNX,,,,,https://builtin.com/job/ai-developer/11256553,11256553,2026-09-23
"Software Engineer - AI, AVP",NatWest Group,,,,,https://builtin.com/job/software-engineer-ai-avp/11255162,11255162,2026-09-23
AI Engineer,Arting Digital,,,,,https://builtin.com/job/ai-engineer/11251497,11251497,2026-09-23
AI Solutions Engineer,Sleek,,,,,https://builtin.com/job/ai-solutions-engineer/11251060,11251060,2026-09-23
Edge AI / Embedded AI Development Tool Engineer,Renesas Electronics,,,,,https://builtin.com/job/edge-ai-embedded-ai-development-tool-engineer/11250708,11250708,2026-09-23
Agentic & Generative AI developer,Sutherland,,,,,https://builtin.com/job/agentic-generative-ai-developer/11250626,11250626,2026-09-23
Software Engineer - AI/ML,Mattel,,,,,https://builtin.com/job/software-engineer-ai-ml/11250422,11250422,2026-09-23
"Senior Staff Engineer, Gen AI",Nagarro,,,,,https://builtin.com/job/senior-staff-engineer-gen-ai/11250229,11250229,2026-09-23
AI Developer - Python + AWS Bedrock,TALPRO INDIA PRIVATE LIMITED,,,,,https://builtin.com/job/ai-developer-python-aws-bedrock/11249580,11249580,2026-09-23
Junior AI Engineer,WonderBotz,,,,,https://builtin.com/job/junior-ai-engineer/11249067,11249067,2026-09-23
Senior AI Engineer (Generative AI & Agentic Systems),WonderBotz,,,,,https://builtin.com/job/senior-ai-engineer-generative-ai-agentic-systems/11249065,11249065,2026-09-23
AI Solutions & Automation Engineer,Ateme,,,,,https://builtin.com/job/ai-solutions-automation-engineer/11247765,11247765,2026-09-23
Lead/Sr AI Engineer with Azure Data Bricks || Immediate Joiner,Enable Data Incorporated,,,,,https://builtin.com/job/lead-sr-ai-engineer-azure-data-bricks-immediate-joiner/11247121,11247121,2026-09-23
Fullstack Data Engineer - Applied & Agentic AI Systems,Roche,,,,,https://builtin.com/job/fullstack-data-engineer-applied-agentic-ai-systems/11079020,11079020,2026-09-23
Senior Data Engineer (AI/ML),OpenTable,,,,,https://builtin.com/job/senior-data-engineer-ai-ml/11245822,11245822,2026-09-23
Tech Lead Software Engineer Global - Observability Accelerators & AI,Southwest Airlines,,,,,https://builtin.com/job/tech-lead-software-engineer-global-observability-accelerators-ai/11243793,11243793,2026-09-23
Sr Software Engineer Global - Observability Accelerators & AI,Southwest Airlines,,,,,https://builtin.com/job/sr-software-engineer-global-observability-accelerators-ai/11239763,11239763,2026-09-23
Application Support Engineer – Google Cloud Vertex AI,Vrinda International,,,,,https://builtin.com/job/application-support-engineer-google-cloud-vertex-ai/11235687,11235687,2026-09-23
AI PLATFORM ENGINEER,Vrinda International,,,,,https://builtin.com/job/ai-platform-engineer/11235651,11235651,2026-09-23
SAP ABAP ON HANA – AI NATIVE ENGINEER,Vrinda International,,,,,https://builtin.com/job/sap-abap-hana-ai-native-engineer/11235593,11235593,2026-09-23
SALESFORCE AGENTFORCE ENGINEER – AI POWERED TECH TALENT,Vrinda International,,,,,https://builtin.com/job/salesforce-agentforce-engineer-ai-powered-tech-talent/11235589,11235589,2026-09-23
LEAD ENGINEER – AI/ML,Vrinda International,,,,,https://builtin.com/job/lead-engineer-ai-ml/11235578,11235578,2026-09-23
SENIOR/LEAD AI ML ENGINEER,Vrinda International,,,,,https://builtin.com/job/senior-lead-ai-ml-engineer/11235499,11235499,2026-09-23
AI / MLOps PLATFORM ENGINEER,Vrinda International,,,,,https://builtin.com/job/ai-mlops-platform-engineer/11235494,11235494,2026-09-23
KNOWLEDGE ENGINEER – DATABRICKS & AI,Vrinda International,,,,,https://builtin.com/job/knowledge-engineer-databricks-ai/11235413,11235413,2026-09-23
CLOUD & AI ENGINEER,Vrinda International,,,,,https://builtin.com/job/cloud-ai-engineer/11235396,11235396,2026-09-23
AI/ML Engineer – CAE,Vrinda International,,,,,https://builtin.com/job/ai-ml-engineer-cae/11235378,11235378,2026-09-23
SENIOR CLOUD AI ENGINEER,Vrinda International,,,,,https://builtin.com/job/senior-cloud-ai-engineer/11235343,11235343,2026-09-23
Lead Engineer – AI/ML,Vrinda International,,,,,https://builtin.com/job/lead-engineer-ai-ml/11235322,11235322,2026-09-23
Lead AI Engineer,Vrinda International,,,,,https://builtin.com/job/lead-ai-engineer/11235294,11235294,2026-09-23
AI PLATFORM ENGINEER (FDE),Vrinda International,,,,,https://builtin.com/job/ai-platform-engineer-fde/11235244,11235244,2026-09-23
AI + AWS + Azure Engineer,Vrinda International,,,,,https://builtin.com/job/ai-aws-azure-engineer/11235207,11235207,2026-09-23
MD AI Engineer,Vrinda International,,,,,https://builtin.com/job/md-ai-engineer/11235197,11235197,2026-09-23
LEAD AI ENGINEER,Vrinda International,,,,,https://builtin.com/job/lead-ai-engineer/11235115,11235115,2026-09-23
MD-AI Solutions Engineer / Forward Deployed Engineer,Vrinda International,,,,,https://builtin.com/job/md-ai-solutions-engineer-forward-deployed-engineer/11234983,11234983,2026-09-23
AI Engineer | Agentic AI & GenAI,Vrinda International,,,,,https://builtin.com/job/ai-engineer-agentic-ai-genai/11234987,11234987,2026-09-23
MD - AI Engineer,Vrinda International,,,,,https://builtin.com/job/md-ai-engineer/11234970,11234970,2026-09-23
Data/AI Engineer | NVIDIA Stack,Vrinda International,,,,,https://builtin.com/job/data-ai-engineer-nvidia-stack/11234959,11234959,2026-09-23
Full Stack Developer – AI/GenAI,Vrinda International,,,,,https://builtin.com/job/full-stack-developer-ai-genai/11234947,11234947,2026-09-23
AI/ML Engineer,Vrinda International,,,,,https://builtin.com/job/ai-ml-engineer/11234894,11234894,2026-09-23
AI Data Engineer (GenAI | LLM | RAG | Python),Vrinda International,,,,,https://builtin.com/job/ai-data-engineer-genai-llm-rag-python/11234891,11234891,2026-09-23
Senior AI Engineer,Vrinda International,,,,,https://builtin.com/job/senior-ai-engineer/11234884,11234884,2026-09-23
AI Engineer (Agentic AI | GenAI | LLM),Vrinda International,,,,,https://builtin.com/job/ai-engineer-agentic-ai-genai-llm/11234852,11234852,2026-09-23
Senior AI Engineer | CapGemini,Vrinda International,,,,,https://builtin.com/job/senior-ai-engineer-capgemini/11234828,11234828,2026-09-23
Lead Engineer – AI/ML (Generative AI & LLM),Vrinda International,,,,,https://builtin.com/job/lead-engineer-ai-ml-generative-ai-llm/11234774,11234774,2026-09-23
Python & FastAPI Engineer (AI/ML & LLM),Vrinda International,,,,,https://builtin.com/job/python-fastapi-engineer-ai-ml-llm/11234773,11234773,2026-09-23
AI Agentic Engineer,Vrinda International,,,,,https://builtin.com/job/ai-agentic-engineer/11234756,11234756,2026-09-23
AI / ML Engineer,Vrinda International,,,,,https://builtin.com/job/ai-ml-engineer/11234732,11234732,2026-09-23
Agentic AI / Generative AI Engineer,Vrinda International,,,,,https://builtin.com/job/agentic-ai-generative-ai-engineer/11234657,11234657,2026-09-23
AI Engineer (Python + GenAI + Agentic AI),Vrinda International,,,,,https://builtin.com/job/ai-engineer-python-genai-agentic-ai/11234557,11234557,2026-09-23
AI/ML Engineer,NAVINYAA SOLUTIONS PRIVATE LIMITED,,,,,https://builtin.com/job/ai-ml-engineer/11232362,11232362,2026-09-23
Senior Software Engineer - AI/ML (Context Services),Cognite,,,,,https://builtin.com/job/senior-software-engineer-ai-ml-context-services/11232106,11232106,2026-09-23
Principal Information Security Engineer (AI Product/Cyber Security + SecOps),Cognite,,,,,https://builtin.com/job/principal-information-security-engineer-ai-product-cyber-security-secops/11232097,11232097,2026-09-23
Senior AI Engineer - Supply Chain,Cognite,,,,,https://builtin.com/job/senior-ai-engineer-supply-chain/11232086,11232086,2026-09-23
Staff AI Quality Engineer,Symplr,,,,,https://builtin.com/job/staff-ai-quality-engineer/11231042,11231042,2026-09-23
Senior AI/ML Engineer II,Chubb,,,,,https://builtin.com/job/senior-ai-ml-engineer-ii/11227403,11227403,2026-09-23
AI Engineer – Agentic AI & Cloud Discovery,Pragmatike,,,,,https://builtin.com/job/ai-engineer-agentic-ai-cloud-discovery/11226875,11226875,2026-09-23
Backend Engineer (Go) – AI Security Platform,Pragmatike,,,,,https://builtin.com/job/backend-engineer-go-ai-security-platform/11226859,11226859,2026-09-23
"Back-End Developer, AI dev, India",OSF Digital,,,,,https://builtin.com/job/back-end-developer-india/11226306,11226306,2026-09-23
AI/ML Engineer - R01570580,Brillio,,,,,https://builtin.com/job/ai-ml-engineer-r01570580/11225957,11225957,2026-09-23
Full Stack Engineer – AI & Cloud - 3+ Years Mandatory,ClearRoute,,,,,https://builtin.com/job/full-stack-engineer-ai-cloud-3-years-mandatory/11225915,11225915,2026-09-23
Software Test Engineer (Automation + AI),Allata,,,,,https://builtin.com/job/software-test-engineer-automation-ai/11225330,11225330,2026-09-23
Lead Research Engineer - AI/ML,GE Vernova,,,,,https://builtin.com/job/lead-research-engineer-ai-ml/11225141,11225141,2026-09-23
Software Engineering Technical Leader | AI Cluster Orchestrator & Automation Engineer | 15+ years,Cisco,,,,,https://builtin.com/job/software-engineering-technical-leader-ai-cluster-orchestrator-automation-engineer-15-years/11225029,11225029,2026-09-23
"Financial Data Engineer, AI/LLM",Binance,,,,,https://builtin.com/job/financial-data-engineer-ai-llm/11224615,11224615,2026-09-23
AI Lead Engineer,T-Systems ICT India Pvt. Ltd.,,,,,https://builtin.com/job/ai-lead-engineer/11224122,11224122,2026-09-23
AI Senior Developer,T-Systems ICT India Pvt. Ltd.,,,,,https://builtin.com/job/ai-senior-developer/11224110,11224110,2026-09-23
Staff QA Engineer (AI Enabled),Ping Identity,,,,,https://builtin.com/job/staff-software-engineer/11223932,11223932,2026-09-23
Staff AI Engineer,Nokia,,,,,https://builtin.com/job/staff-ai-engineer/11223500,11223500,2026-09-23
Software Development Engineer III (CRM - Opportunities - AI),HighLevel,,,,,https://builtin.com/job/software-development-engineer-iii-crm-opportunities-ai/11222511,11222511,2026-09-23
Lead AI Engineer || Immediate Joiner,Enable Data Incorporated,,,,,https://builtin.com/job/lead-data-engineer-cicd-ai/11222507,11222507,2026-09-23
AI Software Engineer,DNV,,,,,https://builtin.com/job/ai-software-engineer/11222302,11222302,2026-09-23
AI Engineer,NTT DATA,,,,,https://builtin.com/job/ai-engineer/11221949,11221949,2026-09-23
Staff Software Engineer - AI I,Thomson Reuters,,,,,https://builtin.com/job/staff-software-engineer-ai-i/11221439,11221439,2026-09-23
"Software Engineer 3, AI Builder Experience",MongoDB,,,,,https://builtin.com/job/software-engineer-3/10755424,10755424,2026-09-23
Revenue Operations and AI Systems Engineer,Datahash,,,,,https://builtin.com/job/revenue-operations-and-ai-systems-engineer/11217744,11217744,2026-09-23
Senior AI Engineer,DXC Technology,,,,,https://builtin.com/job/senior-ai-engineer/11213991,11213991,2026-09-23
Software Engineer/Platform Engineer - Kubernetes + Golang/Python + AI (5+ Years),Cisco,,,,,https://builtin.com/job/software-engineer-platform-engineer-kubernetes-golang-python-ai-5-years/11210977,11210977,2026-09-23
Senior Gen AI Engineer - Vice President,Citi,,,,,https://builtin.com/job/senior-gen-ai-engineer-vice-president/11208503,11208503,2026-09-23
Staff AI/ML Engineer,Sandisk Corporation,,,,,https://builtin.com/job/staff-ai-ml-engineer/11207353,11207353,2026-09-23
Senior Agentic AI Engineer - Vice President,Citi,,,,,https://builtin.com/job/senior-agentic-ai-engineer-vice-president/11205280,11205280,2026-09-23
Senior AI/ ML Engineer,Sandisk Corporation,,,,,https://builtin.com/job/senior-ai-ml-engineer/11204604,11204604,2026-09-23
Senior AI/ML Engineer - R01571293,Brillio,,,,,https://builtin.com/job/senior-ai-ml-engineer-r01571293/11203606,11203606,2026-09-23
Forward Deployed AI Engineer - IFS Loops,IFS,,,,,https://builtin.com/job/forward-deployed-ai-engineer-ifs-loops/11203137,11203137,2026-09-23
AI Software Engineer II,Garrett,,,,,https://builtin.com/job/ai-software-engineer-ii/11202996,11202996,2026-09-23
Software Engineer (AI),NielsenIQ,,,,,https://builtin.com/job/software-engineer-ai/11202536,11202536,2026-09-23
Software Engineer 2 - AI Transformation Engineering,Abnormal Security,,,,,https://builtin.com/job/software-engineer-2-ai-transformation-engineering/11202498,11202498,2026-09-23
Senior Software Engineer/AI,"The Hartford Financial Services Group, Inc.",,,,,https://builtin.com/job/senior-software-engineer-ai/11202437,11202437,2026-09-23
Support Engineer (AI/ML & Platform Operations),Workday,,,,,https://builtin.com/job/support-engineer-ai-ml-platform-operations/11202414,11202414,2026-09-23
Sr Associate Support Engineer (AI/ML & Platform Operations),Workday,,,,,https://builtin.com/job/sr-associate-support-engineer-ai-ml-platform-operations/11202398,11202398,2026-09-23
Senior AI/ML Engineer - R01570503,Brillio,,,,,https://builtin.com/job/senior-ai-ml-engineer-r01570503/11202011,11202011,2026-09-23
AI Full-Stack Engineer,Version 1,,,,,https://builtin.com/job/ai-full-stack-engineer/11201795,11201795,2026-09-23
"Data Engineer - Python, AI",Citi,,,,,https://builtin.com/job/data-engineer-python-ai/11201764,11201764,2026-09-23
Python Developer – Generative AI & AWS,Trackmind,,,,,https://builtin.com/job/python-developer/11201115,11201115,2026-09-23
"Principal Engineer, AI Architect",Nagarro,,,,,https://builtin.com/job/principal-engineer-ai-architect/11200702,11200702,2026-09-23
"Associate Principal Engineer, AI Architect",Nagarro,,,,,https://builtin.com/job/associate-principal-engineer-ai-architect/11200700,11200700,2026-09-23
DevSecOps-AI SSDLC Security Engineer,Alignity,,,,,https://builtin.com/job/devsecops-ai-ssdlc-security-engineer/11200647,11200647,2026-09-23
AI Ops Engineer - Enterprise Data Platform,AuxoAI,,,,,https://builtin.com/job/ai-ops-engineer-enterprise-data-platform/11200497,11200497,2026-09-23
IAM Engineer - AI Security,American Express Global Business Travel,,,,,https://builtin.com/job/iam-engineer-ai-security/11200288,11200288,2026-09-23
"Software Consulting Engineer | 8+ years exp, Python, Cloud technologies and Ai",Cisco,,,,,https://builtin.com/job/software-consulting-engineer/11199995,11199995,2026-09-23
ServiceNow Lead Engineer - AI,NewRocket,,,,,https://builtin.com/job/servicenow-lead-engineer-ai/11199429,11199429,2026-09-23
Sr. AI Data Engineer,Alteryx,,,,,https://builtin.com/job/sr-ai-data-engineer/11199416,11199416,2026-09-23
AI Developer,Eli Lilly and Company,,,,,https://builtin.com/job/ai-developer/11199408,11199408,2026-09-23
Senior AI ML Engineer,Optum,,,,,https://builtin.com/job/senior-ai-ml-engineer/10375772,10375772,2026-09-23
"AI/ML Python Engineer 2, Databricks",Kinaxis,,,,,https://builtin.com/job/ai-ml-python-engineer-2-databricks/11199135,11199135,2026-09-23
AI/ML Engineer - Senior,Spark Eighteen,,,,,https://builtin.com/job/ai-ml-engineer-senior/11189338,11189338,2026-09-23
Data Engineer - AI-Driven Data Platforms,Spark Eighteen,,,,,https://builtin.com/job/data-engineer-ai-driven-data-platforms/11189303,11189303,2026-09-23
Junior AI Engineer,Trackmind,,,,,https://builtin.com/job/ai-engineer-internship/11184414,11184414,2026-09-23
AI Engineer,Shuru,,,,,https://builtin.com/job/ai-engineer/11183844,11183844,2026-09-23
AI Engineer,HealthAsyst,,,,,https://builtin.com/job/ai-engineer/11182148,11182148,2026-09-23
Senior AI Engineer,Vegapay Technology Private Limited,,,,,https://builtin.com/job/senior-ai-engineer/11181893,11181893,2026-09-23
Lead Applied AI Research Engineer - Principal Consultant,Winfo Solutions,,,,,https://builtin.com/job/lead-applied-ai-research-engineer-principal-consultant/11181745,11181745,2026-09-23
Founding Cloud Infrastructure Engineer (AI Platform),Valerie Group,,,,,https://builtin.com/job/founding-cloud-infrastructure-engineer-ai-platform/11181251,11181251,2026-09-23
SB-1486-AI Engineer Intern,Softobiz,,,,,https://builtin.com/job/sb-1486-ai-engineer-intern/11181225,11181225,2026-09-23
CL-1491 - AI-First Full Stack Developer (AI SaaS Platform),Softobiz,,,,,https://builtin.com/job/cl-1491-ai-first-full-stack-developer-ai-saas-platform/11181186,11181186,2026-09-23
AI Developer & Implementer,Mittal Group,,,,,https://builtin.com/job/ai-developer-implementer/11180960,11180960,2026-09-23
AI/ML Engineer,Blueflame Labs,,,,,https://builtin.com/job/ai-ml-engineer/11180884,11180884,2026-09-23
Senior Software Development Engineer - AI Native Platform,Autonomize AI,,,,,https://builtin.com/job/senior-software-development-engineer-ai-native-platform/11180783,11180783,2026-09-23
Senior AI Developer,Sitero,,,,,https://builtin.com/job/senior-ai-developer/11179539,11179539,2026-09-23
Staff Engineer - AI Engineering,GE Vernova,,,,,https://builtin.com/job/staff-engineer-ai-engineering/11178073,11178073,2026-09-23
Senior Digital Learning & AI Content Developer,Resilinc,,,,,https://builtin.com/job/senior-digital-learning-ai-content-developer/11177532,11177532,2026-09-23
Senior Associate Engineer - AI Services,NTT DATA,,,,,https://builtin.com/job/senior-associate-engineer-ai-services/11177355,11177355,2026-09-23
AI Engineer (Manager level),Clifford Chance,,,,,https://builtin.com/job/ai-engineer-manager-level/11177256,11177256,2026-09-23
Principal Engineer - AI Capabilities,Wolters Kluwer,,,,,https://builtin.com/job/principal-engineer-ai-capabilities/11177211,11177211,2026-09-23
ML/AI Engineer,Lingaro,,,,,https://builtin.com/job/ml-ai-engineer/11176923,11176923,2026-09-23
AI Engineer,Synthio Labs,,,,,https://builtin.com/job/ai-engineer/11176775,11176775,2026-09-23
"Applied AI Engineer, Life Sciences",Synthio Labs,,,,,https://builtin.com/job/applied-ai-engineer-life-sciences/11176772,11176772,2026-09-23
Principal Software Engineer – AI Systems for Engineering Workflows,Emerson,,,,,https://builtin.com/job/principal-software-engineer-ai-systems-engineering-workflows/11175860,11175860,2026-09-23
AI Engineer,Itineris,,,,,https://builtin.com/job/ai-engineer/11162835,11162835,2026-09-23
Senior Agentic AI Developer,CAI (cai.io).,,,,,https://builtin.com/job/senior-agentic-ai-developer/11157333,11157333,2026-09-23
Generative AI & Full Stack Engineer - Goa,SJ Innovation BD Ltd.,,,,,https://builtin.com/job/generative-ai-full-stack-engineer-goa/11151965,11151965,2026-09-23
Sr. Gen AI & Full Stack Solutions Engineer - Goa,SJ Innovation BD Ltd.,,,,,https://builtin.com/job/sr-gen-ai-full-stack-solutions-engineer-goa/11151948,11151948,2026-09-23
AI/ML Engineer,Relanto,,,,,https://builtin.com/job/ai-ml-engineer/11151905,11151905,2026-09-23
Lead AI/ML Engineer,Relanto,,,,,https://builtin.com/job/lead-ai-ml-engineer/11151890,11151890,2026-09-23
AI Developer / AI Engineer,Talakunchi Networks Private Limited,,,,,https://builtin.com/job/ai-developer-ai-engineer/11151815,11151815,2026-09-23
Lead Engineer AI,Academian,,,,,https://builtin.com/job/lead-engineer-ai/11151691,11151691,2026-09-23
Senior AI Engineer,Academian,,,,,https://builtin.com/job/senior-ai-engineer/11151679,11151679,2026-09-23
WorkHero - Senior AI Backend Engineer (Voice + Data Infra),Procedure,,,,,https://builtin.com/job/workhero-senior-ai-backend-engineer-voice-data-infra/11151550,11151550,2026-09-23
WorkHero - Senior AI Full Stack Engineer (React + Node),Procedure,,,,,https://builtin.com/job/workhero-senior-ai-full-stack-engineer-react-node/11151549,11151549,2026-09-23
AI Engineer,Analytics Vidhya,,,,,https://builtin.com/job/ai-engineer/11151434,11151434,2026-09-23
Senior Data Engineer (AI & API Development),Clirnet,,,,,https://builtin.com/job/senior-data-engineer-ai-api-development/11151169,11151169,2026-09-23
"Software Development Engineer II, Backend & AI",Zono Tradetech Pvt Ltd,,,,,https://builtin.com/job/software-development-engineer-ii-backend/11151120,11151120,2026-09-23
Sr. Software Developer - Java & AI,SmartDocs Inc,,,,,https://builtin.com/job/sr-software-developer-java-ai/11151099,11151099,2026-09-23
Senior Software Engineer - Voice AI,ClickPost,,,,,https://builtin.com/job/senior-software-engineer-voice-ai/11150990,11150990,2026-09-23
Senior AI/ML Engineer - R01570948,Brillio,,,,,https://builtin.com/job/senior-ai-ml-engineer-r01570948/11149029,11149029,2026-09-23
Lead AI Engineer I  - R01571042,Brillio,,,,,https://builtin.com/job/analyst-r01571042/11149016,11149016,2026-09-23
Lead AI Engineer I - R01571043,Brillio,,,,,https://builtin.com/job/analyst-r01571043/11149025,11149025,2026-09-23
Lead AI Engineer I - R01571162,Brillio,,,,,https://builtin.com/job/lead-ai-engineer-i-r01571162/11149027,11149027,2026-09-23
Full Stack Developer – Microsoft Fabric & AI Integration,EbizON,,,,,https://builtin.com/job/full-stack-developer-microsoft-fabric-ai-integration/11147296,11147296,2026-09-23
Senior Software Engineer - Python/Agentic AI,BlackLine,,,,,https://builtin.com/job/senior-software-engineer-python-agentic-ai/10686565,10686565,2026-09-23
"Lead Software Engineer- NLP, Gen AI",Gartner,,,,,https://builtin.com/job/lead-software-engineer-nlp-gen-ai/11143858,11143858,2026-09-23
AI Product Developer cum Project Mentor,Rooman Technologies Pvt. Ltd.,,,,,https://builtin.com/job/ai-product-developer-cum-project-mentor/11140730,11140730,2026-09-23
AI Product Engineer,Fusion Practices,,,,,https://builtin.com/job/ai-product-engineer/11139534,11139534,2026-09-23
Lead AI Analytics Engineer,Skan AI,,,,,https://builtin.com/job/lead-data-analyst/11138378,11138378,2026-09-23
"Senior DevOps Cloud Engineer, AI",Porch Group,,,,,https://builtin.com/job/senior-devops-cloud-engineer-ai/11137288,11137288,2026-09-23
Principal AI Go-to-Market Operations Engineer,QAD,,,,,https://builtin.com/job/principal-ai-go-market-operations-engineer/11130115,11130115,2026-09-23
Lead Engineer / Architect - Payments & AI,Fractal,,,,,https://builtin.com/job/lead-engineer-architect-payments-ai/11130087,11130087,2026-09-23
AI/ ML Engineer,Rapyder Cloud Solutions Pvt Ltd,,,,,https://builtin.com/job/ai-ml-engineer/11129587,11129587,2026-09-23
Agentic AI Engineer,"Weekday, Inc.",,,,,https://builtin.com/job/agentic-ai-engineer/11129251,11129251,2026-09-23
AI Engineer,Beyondsoft,,,,,https://builtin.com/job/ai-engineer/11128032,11128032,2026-09-23
Senior Generative AI Engineer - Front End,Proof of Skill,,,,,https://builtin.com/job/senior-generative-ai-engineer-front-end/11127310,11127310,2026-09-23
Senior Generative AI Engineer - Agentic Infrastructure,Proof of Skill,,,,,https://builtin.com/job/senior-generative-ai-engineer-agentic-infrastructure/11127299,11127299,2026-09-23
Sitecore AI Lead Developer,AlgoLeap Technologies Private Limited,,,,,https://builtin.com/job/sitecore-ai-lead-developer/11126223,11126223,2026-09-23
"Staff Engineer, Distributed Storage and HPC & AI Infrastructure",Together AI,,,,,https://builtin.com/job/staff-engineer-distributed-storage-and-hpc-ai-infrastructure/11125708,11125708,2026-09-23
Full-Stack Developer (AI-Augmented Engineering),Forcepoint,,,,,https://builtin.com/job/software-engineer-ai-engineer/10613014,10613014,2026-09-23
"Staff Security Engineer, AI Security",PayPal,,,,,https://builtin.com/job/staff-security-engineer-ai-security/11124701,11124701,2026-09-23
AI Engineer (India),Redica Systems,,,,,https://builtin.com/job/ai-engineer-india/11116417,11116417,2026-09-23
"Software QA Engineer- Networking & Security Protocols, AI, Cloud & Virtualization - 4 to 8 years",Cisco,,,,,https://builtin.com/job/software-qa-engineer-networking-security-protocols-ai-cloud-virtualization-4-8-years/11116192,11116192,2026-09-23
AI Prompt Engineer,Tecvesten Consulting LLP,,,,,https://builtin.com/job/ai-prompt-engineer/11114654,11114654,2026-09-23
HPC and AI Performance Engineer,Hewlett Packard Enterprise,,,,,https://builtin.com/job/hpc-and-ai-performance-engineer/11114405,11114405,2026-09-23
Senior Software Engineer I - Full Stack/ Backend - AI Interfaces,Seismic,,,,,https://builtin.com/job/senior-software-engineer-i-full-stack-backend-ai-interfaces/11113595,11113595,2026-09-23
Staff AI Automation Engineer,Genesys,,,,,https://builtin.com/job/staff-ai-automation-engineer/11113221,11113221,2026-09-23
AI Automation Engineer,Genesys,,,,,https://builtin.com/job/ai-automation-engineer/11113181,11113181,2026-09-23
Senior Financial AI Engineer (Data & Knowledge Engineering),Binance,,,,,https://builtin.com/job/senior-financial-ai-engineer-data-knowledge-engineering/11111055,11111055,2026-09-23
Senior AI Compute Engineer,Neysa,,,,,https://builtin.com/job/senior-ai-compute-engineer/11106298,11106298,2026-09-23
Principal AI Engineer,Connolly,,,,,https://builtin.com/job/principal-ai-engineer/11103870,11103870,2026-09-23
AI Implementation Engineer,Wissen Technology,,,,,https://builtin.com/job/ai-implementation-engineer/11101789,11101789,2026-09-23
Sr Full Stack Developer (AI Agents),Databricks,,,,,https://builtin.com/job/sap-functional-sme/10789324,10789324,2026-09-23
Principal Software Engineer (Java & Agentic AI),Securonix,,,,,https://builtin.com/job/principal-software-engineer-java-agentic-ai/11096359,11096359,2026-09-23
AI Engineer – Agentic AI | Offshore,Photon,,,,,https://builtin.com/job/ai-engineer-agentic-ai-offshore/11096114,11096114,2026-09-23
AI Engineer,Allucent,,,,,https://builtin.com/job/ai-engineer/11095754,11095754,2026-09-23
"Forward Deployed Engineer, Gen AI",Scale AI,,,,,https://builtin.com/job/forward-deployed-engineer-gen-ai/11083390,11083390,2026-09-23
Senior AI Research Engineer,"Motorola Solutions, Inc.",,,,,https://builtin.com/job/senior-ai-research-engineer/11077438,11077438,2026-09-23
AI Visibility Engineer - Intern,Snezzi,,,,,https://builtin.com/job/ai-visibility-engineer-intern/11071489,11071489,2026-09-23
Data Science ML/Gen AI Engineer (Mid-Level)- Orbit,Irth Solutions,,,,,https://builtin.com/job/data-science-ml-gen-ai-engineer-mid-level-orbit/11075636,11075636,2026-09-23
AI/ML Engineer,Wissen Technology,,,,,https://builtin.com/job/ai-ml-engineer/11075464,11075464,2026-09-23
System Software Engineer - Local AI,NVIDIA,,,,,https://builtin.com/job/system-software-engineer-local-ai/10941891,10941891,2026-09-23
AI Engineer,Alaan,,,,,https://builtin.com/job/ai-engineer/11072854,11072854,2026-09-23
AI Engineer,BRAHMA AI,,,,,https://builtin.com/job/ai-engineer/11072772,11072772,2026-09-23
Senior / Principal Generative AI Engineer,BRAHMA AI,,,,,https://builtin.com/job/senior-principal-generative-ai-engineer/11072744,11072744,2026-09-23
AI & Support Automation - Engineer,CertifyOS,,,,,https://builtin.com/job/ai-support-automation-engineer/11072703,11072703,2026-09-23
Lead AI Engineer,Exavalu,,,,,https://builtin.com/job/lead-ai-engineer/11072609,11072609,2026-09-23
Sr. AI Engineer,Ecolab,,,,,https://builtin.com/job/sr-ai-engineer/11070990,11070990,2026-09-23
AI Product Engineer,Mindtickle,,,,,https://builtin.com/job/ai-product-engineer/11070237,11070237,2026-09-23
Software Engineer II (Dot Net+ Palantir/ AI)(5-8 years experience Required),General Mills,,,,,https://builtin.com/job/software-engineer-ii-dot-net-palantir-ai-5-8-years-experience-required/11069371,11069371,2026-09-23
D&T Machine Learning Engineer II (Agentic Ai/MLOps),General Mills,,,,,https://builtin.com/job/d-t-machine-learning-engineer-ii-agentic-ai-mlops/11069344,11069344,2026-09-23
SDET-AI Engineer,Zinier,,,,,https://builtin.com/job/sdet-ai-engineer/11069318,11069318,2026-09-23
AI/ML Developer,NewRocket,,,,,https://builtin.com/job/ai-ml-developer/11068280,11068280,2026-09-23
Agentic AI Developer,T-Systems ICT India Pvt. Ltd.,,,,,https://builtin.com/job/agentic-ai-developer/11068205,11068205,2026-09-23
Lead AI Engineer,athenahealth,,,,,https://builtin.com/job/lead-ai-engineer/11067881,11067881,2026-09-23
Software Engineer – AI Quality & Test Automation | Security - Python | Golang | Test Automation | AI/ML Testing | Agentic Workflows (4 - 8 Years),Cisco,,,,,https://builtin.com/job/software-engineer-ai-quality-test-automation-security-python-golang-test-automation-ai-ml-testing-performance-testing-security-testing-llm-apis-agentic-workflows-langchain-langsmith-contract-testing-playwright-4-8-years/11067816,11067816,2026-09-23
SSE.Net Developer - AI,Kadel Labs,,,,,https://builtin.com/job/sse-net-developer-ai/11067705,11067705,2026-09-23
Full Stack AI Engineer( 5+ years),N Human Resources & Management Systems,,,,,https://builtin.com/job/full-stack-ai-engineer/11067577,11067577,2026-09-23
Data and AI Engineer,Sandisk Corporation,,,,,https://builtin.com/job/data-and-ai-engineer/11062609,11062609,2026-09-23
Junior AI Engineer,Adit,,,,,https://builtin.com/job/junior-ai-engineer/11050543,11050543,2026-09-23
AI Native Software Engineer,Greenway Health,,,,,https://builtin.com/job/ai-native-software-engineer/11048578,11048578,2026-09-23
Advanced Engineer-AI/ML,Harman,,,,,https://builtin.com/job/advanced-engineer-ai-ml/11047507,11047507,2026-09-23
AI Software Engineer,Hitachi Solutions America,,,,,https://builtin.com/job/ai-software-engineer/11046217,11046217,2026-09-23
"Full Stack Developer – Node.js, React.js, TypeScript & AI-Assisted Development",Synechron,,,,,https://builtin.com/job/full-stack-developer-node-js-react-js-typescript-ai-assisted-development/11045361,11045361,2026-09-23
Software Developer ( Spec-Driven AI-Assisted ),DeepDive,,,,,https://builtin.com/job/software-developer-spec-driven-ai-assisted/11045208,11045208,2026-09-23
Associate Developer(Full Stack with AI),Sharp & Tannan Group,,,,,https://builtin.com/job/associate-developer-full-stack-ai/11044798,11044798,2026-09-23
Software Engineer - Senior (Automation & AI),Cummins,,,,,https://builtin.com/job/software-engineer-senior-automation-ai/11044606,11044606,2026-09-23
Generative AI Engineer,Sia Partners,,,,,https://builtin.com/job/generative-ai-engineer/11044533,11044533,2026-09-23
Senior Staff Engineer - AI Engineering,Lattice Semiconductor,,,,,https://builtin.com/job/senior-staff-engineer-ai-engineering/11044352,11044352,2026-09-23
"AI, Python engineer",T-Systems ICT India Pvt. Ltd.,,,,,https://builtin.com/job/ai-python-engineer/11043947,11043947,2026-09-23
GenAI / AI-ML Engineer,CloudThat,,,,,https://builtin.com/job/genai-ai-ml-engineer/11041243,11041243,2026-09-23
SR PROGRAMMER 10515- Workato Integration & AI Automation Developer,Extreme Networks,,,,,https://builtin.com/job/sr-programmer-10515-workato-integration-ai-automation-developer/11040098,11040098,2026-09-23
Senior Engineer – Digital Solutions and AI Integration,Adani Group,,,,,https://builtin.com/job/senior-engineer-digital-solutions-and-ai-integration/11039458,11039458,2026-09-23
IT/OT AI Engineer,Adani Group,,,,,https://builtin.com/job/it-ot-ai-engineer/11039450,11039450,2026-09-23
Full-Stack AI Engineer,MarcoPolo Learning,,,,,https://builtin.com/job/full-stack-ai-engineer/11039370,11039370,2026-09-23
AVP - Data Scientist & AI Engineer,Barclays,,,,,https://builtin.com/job/avp-data-scientist-ai-engineer/11038894,11038894,2026-09-23
Principal Engineer - Fullstack & AI SDLC,Chubb,,,,,https://builtin.com/job/principal-engineer/11037983,11037983,2026-09-23
AI Engineer - 2,CONVEGENIUS EDU SOLUTIONS PRIVATE LIMITED,,,,,https://builtin.com/job/ai-engineer-2/11037171,11037171,2026-09-23
Senior Software Engineer – AI Quality & Test Automation | Security - Python | Golang | Test Automation LLM APIs | Agentic Workflows (8 - 12 Years),Cisco,,,,,https://builtin.com/job/software-engineer-ai-quality-test-automation-security-python-golang-test-automation-ai-ml-testing-performance-testing-security-testing-llm-apis-agentic-workflows-langchain-langsmith-contract-testing-playwright-8-12-years/11036570,11036570,2026-09-23
AI Engineer Intern,Meraki Labs,,,,,https://builtin.com/job/ai-engineer-intern/11036330,11036330,2026-09-23
AI Engineer,Numentica LLC,,,,,https://builtin.com/job/ai-data-and-platform-engineer/11036265,11036265,2026-09-23
Senior Software Developer (AI Agents),nCircle Tech,,,,,https://builtin.com/job/senior-software-developer-ai-agents/11036258,11036258,2026-09-23
"Software Engineer, Platform & AI",ClearRoute,,,,,https://builtin.com/job/software-engineer-platform-ai/11036101,11036101,2026-09-23
Full Stack AI Engineer,The Access Group,,,,,https://builtin.com/job/full-stack-ai-engineer/11036047,11036047,2026-09-23
"Software Development Engineer III, AI Data Engineering",Bristol Myers Squibb,,,,,https://builtin.com/job/software-development-engineer-iii-ai-data-engineering/11035910,11035910,2026-09-23
AI Engineer – Azure GenAI / Agentic AI,TALPRO INDIA PRIVATE LIMITED,,,,,https://builtin.com/job/ai-engineer-azure-genai-agentic-ai/11035813,11035813,2026-09-23
Sr Prin AI/Data Sci Engineer,Medtronic,,,,,https://builtin.com/job/sr-prin-ai-data-sci-engineer/11035203,11035203,2026-09-23
AI Engineer / AI Software Engineer-Task Creator (RL Environments) (Contract),Careerflow.ai,,,,,https://builtin.com/job/ai-engineer-ai-software-engineer-task-creator-rl-environments-contract/10994987,10994987,2026-09-23
Senior QA Automation Engineer – AI-Driven Automation,Anblicks,,,,,https://builtin.com/job/senior-qa-automation-engineer-ai-driven-automation/11018957,11018957,2026-09-23
Forward Deployed Engineer - AI Transformation,Arcesium,,,,,https://builtin.com/job/principal-consultant-corp-tech/10595706,10595706,2026-09-23
"Senior AI Engineer, Agents",Nacre Capital,,,,,https://builtin.com/job/senior-ai-engineer-agents/11017332,11017332,2026-09-23
Lead Gen AI Engineer - Vice President,Citi,,,,,https://builtin.com/job/lead-gen-ai-engineer-vice-president/11016712,11016712,2026-09-23
AI Engineer,Recode Solutions,,,,,https://builtin.com/job/ai-engineer/11015812,11015812,2026-09-23
Senior Full-stack AI Engineer,A.P. Moller - Maersk,,,,,https://builtin.com/job/senior-full-stack-ai-engineer/10980713,10980713,2026-09-23
"Engineer, Automations (AI/ML),Technical support",Stryker,,,,,https://builtin.com/job/engineer-automations-ai-ml-technical-support/11006209,11006209,2026-09-23
Senior AI Platform Engineer - Knowledge & Reasoning,Esko,,,,,https://builtin.com/job/senior-ai-platform-engineer-knowledge-reasoning/11005921,11005921,2026-09-23
"Specialist, AI Engineer",KLA,,,,,https://builtin.com/job/specialist-ai-engineer/10998949,10998949,2026-09-23
Senior Security DevOps Engineer (SAP & AI Automation),A.P. Moller - Maersk,,,,,https://builtin.com/job/senior-security-devops-engineer-sap-ai-automation/10998814,10998814,2026-09-23
"Senior Software Engineer, AI",Practice by Numbers,,,,,https://builtin.com/job/senior-software-engineer-ai/10998037,10998037,2026-09-23
AI Engineer,Strada,,,,,https://builtin.com/job/ai-engineer/10997935,10997935,2026-09-23
"Senior Software Engineer in AI - FrontEnd React/Redux, Java",Five9,,,,,https://builtin.com/job/senior-software-engineer-ai-frontend-react-redux-java/10997870,10997870,2026-09-23
Lead AI/ML Developer - Vice President,Citi,,,,,https://builtin.com/job/lead-ai-ml-developer-vice-president/10997746,10997746,2026-09-23
Full Stack Developer Specialist - Applied AI and Engineering,Google Operations Center,,,,,https://builtin.com/job/full-stack-developer-specialist-tools-automation/9234577,9234577,2026-09-23
Lead Voice AI Engineer,Simpplr,,,,,https://builtin.com/job/lead-voice-ai-engineer/10996822,10996822,2026-09-23
Senior AI Software Engineer - Backend,Five9,,,,,https://builtin.com/job/senior-ai-software-engineer-backend/10995360,10995360,2026-09-23
AI Engineer - Quality system,Bristol Myers Squibb,,,,,https://builtin.com/job/ai-engineer-quality-system/10995098,10995098,2026-09-23
Senior AI Engineer,Assent,,,,,https://builtin.com/job/senior-ai-engineer/10985165,10985165,2026-09-23
"Senior AI Engineer, Legal",Danaher Corporation,,,,,https://builtin.com/job/senior-ai-engineer-legal/10983540,10983540,2026-09-23
Associate Distinguished Engineer (Solution Architect - GenAI + RAG + Agentic AI),Nagarro,,,,,https://builtin.com/job/associate-distinguished-engineer-solution-architect-genai-rag-agentic-ai/10982292,10982292,2026-09-23
Senior Full-stack AI Engineer,Maersk,,,,,https://builtin.com/job/senior-full-stack-ai-engineer/10982017,10982017,2026-09-23
"AI Staff SW Systems Engineer -AI Infra -Distributed Systems,Microservice, AI Infrastructure,Agentic systems-10360",Extreme Networks,,,,,https://builtin.com/job/ai-staff-sw-systems-engineer-ai-infra-distributed-systems-microservice-ai-infrastructure-agentic-systems-10360/10981260,10981260,2026-09-23
"AI Staff SW Systems Engineer -AI Infra -Distributed Systems,Microservice, AI Infrastructure,Agentic systems-10355",Extreme Networks,,,,,https://builtin.com/job/ai-staff-sw-systems-engineer-ai-infra-distributed-systems-microservice-ai-infrastructure-agentic-systems-10355/10981258,10981258,2026-09-23
"AI Principal SW Systems Engineer -AI Infra -Distributed Systems,Microservice, AI Infrastructure,Agentic systems -10358",Extreme Networks,,,,,https://builtin.com/job/ai-principal-sw-systems-engineer-ai-infra-distributed-systems-microservice-ai-infrastructure-agentic-systems-10358/10981254,10981254,2026-09-23
"AI Staff SW Systems Engineer -AI Infra -Distributed Systems,Microservice, AI Infrastructure,Agentic systems-10361",Extreme Networks,,,,,https://builtin.com/job/ai-staff-sw-systems-engineer-ai-infra-distributed-systems-microservice-ai-infrastructure-agentic-systems-10361/10981255,10981255,2026-09-23
"AI Staff SW Systems Engineer -AI Infra -Distributed Systems,Microservice, AI Infrastructure,Agentic systems-10354",Extreme Networks,,,,,https://builtin.com/job/ai-staff-sw-systems-engineer-ai-infra-distributed-systems-microservice-ai-infrastructure-agentic-systems-10354/10981257,10981257,2026-09-23
AI Principal SW Systems Engineer -10359,Extreme Networks,,,,,https://builtin.com/job/ai-principal-sw-systems-engineer-ai-infra-distributed-systems-microservice-ai-infrastructure-agentic-systems-10359/10981251,10981251,2026-09-23
"AI Staff SW Systems Engineer -AI Infra -Distributed Systems,Microservice, AI Infrastructure,Agentic systems-10363",Extreme Networks,,,,,https://builtin.com/job/ai-staff-sw-systems-engineer-ai-infra-distributed-systems-microservice-ai-infrastructure-agentic-systems-10363/10981252,10981252,2026-09-23
"AI Staff SW Systems Engineer -AI Infra -Distributed Systems,Microservice, AI Infrastructure,Agentic systems-10362",Extreme Networks,,,,,https://builtin.com/job/ai-staff-sw-systems-engineer-ai-infra-distributed-systems-microservice-ai-infrastructure-agentic-systems-10362/10981253,10981253,2026-09-23
AI Engineer,Proofpoint,,,,,https://builtin.com/job/ai-engineer/10977287,10977287,2026-09-23
Engineer III - App Engg & AI,Anblicks,,,,,https://builtin.com/job/engineer-iii-app-engg-ai/10975499,10975499,2026-09-23
Full Stack Developer (Laravel / AI / Automation) - Kolkata/Hyderabad,2COMS Consulting Pvt. Ltd.,,,,,https://builtin.com/job/full-stack-developer-web-app-kolkata/10974951,10974951,2026-09-23
Agentic AI Developer,Sutherland,,,,,https://builtin.com/job/agentic-ai-developer/10974911,10974911,2026-09-23
AI Engineer,METRO AG,,,,,https://builtin.com/job/ai-engineer/10974735,10974735,2026-09-23
Software Engineer - II (AI),Attentive.ai,,,,,https://builtin.com/job/software-engineer-ii-ai/10974550,10974550,2026-09-23
Sr. Software Engineer – AI Operators,NXP Semiconductors,,,,,https://builtin.com/job/sr-software-engineer-ai-operators/10974458,10974458,2026-09-23
Senior AI Applications Engineer,GE Healthcare,,,,,https://builtin.com/job/senior-ai-applications-engineer/10973186,10973186,2026-09-23
Senior AI Engineer – Agentic Platform,Amtech Software,,,,,https://builtin.com/job/senior-ai-engineer-agentic-platform/10966810,10966810,2026-09-23
Lead Engineer - AI Engineering,GE Vernova,,,,,https://builtin.com/job/lead-engineer-ai-engineering/10965607,10965607,2026-09-23
Applied AI/ML Engineer,NonStop io Technologies,,,,,https://builtin.com/job/applied-ai-ml-engineer/10965145,10965145,2026-09-23
Sr. ML Engineer- Generative AI,CONVEGENIUS EDU SOLUTIONS PRIVATE LIMITED,,,,,https://builtin.com/job/sr-ml-engineer-generative-ai/10963396,10963396,2026-09-23
AI Automation Engineer (Browser Automation + AI Tooling),QualMinds,,,,,https://builtin.com/job/ai-automation-engineer-browser-automation-ai-tooling/10963289,10963289,2026-09-23
"Senior AI Developer | Onsite - Noida, India | Open to India-based candidates only","Infopro Learning, Inc",,,,,https://builtin.com/job/senior-ai-developer-onsite-noida-india-open-india-based-candidates-only/10962089,10962089,2026-09-23
AI/ML & Optimization Engineer,Huzzle Ltd,,,,,https://builtin.com/job/ai-ml-optimization-engineer/10961043,10961043,2026-09-23
Developer - Agentic AI,Intangles,,,,,https://builtin.com/job/developer-agentic-ai/10959132,10959132,2026-09-23
AI Engineer,Neuralgo Software India Private Limited,,,,,https://builtin.com/job/ai-engineer/10958496,10958496,2026-09-23
Senior AI Engineer,Neuralgo Software India Private Limited,,,,,https://builtin.com/job/senior-ai-engineer/10958408,10958408,2026-09-23
AI-Accelerated Full-Stack Engineer,Coditude,,,,,https://builtin.com/job/ai-accelerated-full-stack-engineer/10957025,10957025,2026-09-23
AI & ML Engineer,FactEntry,,,,,https://builtin.com/job/ai-ml-engineer/10956761,10956761,2026-09-23
Associate AI/ML Engineer,Solventum,,,,,https://builtin.com/job/associate-ai-ml-engineer/10956586,10956586,2026-09-23
#104 - AI Software Engineer,"Lifted, an Upwork Company",,,,,https://builtin.com/job/104-ai-software-engineer/10953101,10953101,2026-09-23
Python AI Engineer,Cynosure Corporate Solutions,,,,,https://builtin.com/job/python-ai-engineer/10951168,10951168,2026-09-23
Senior Engineer - Quality Assurance (AI-Enabled Test Automation),Egon Zehnder,,,,,https://builtin.com/job/senior-engineer-quality-assurance-ai-enabled-test-automation/10949834,10949834,2026-09-23
Sr SW engineer- AI/ML,GE Vernova,,,,,https://builtin.com/job/sr-sw-engineer-ai-ml/10949672,10949672,2026-09-23
Software Engineering Technical Leader - SRE + Kubernetes + Cloud + Automation + Incident Management + AI-first (10-14 Years),Cisco,,,,,https://builtin.com/job/software-engineering-technical-leader-sre-kubernetes-cloud-automation-incident-management-ai-first-10-14-years/10949418,10949418,2026-09-23
AI/ML Engineer - NuPlay (Nurix AI),Meraki Labs,,,,,https://builtin.com/job/ai-ml-engineer-nuplay-nurix-ai/10949047,10949047,2026-09-23
Principal Product AI Data Engineer,Clarivate Analytics,,,,,https://builtin.com/job/principal-product-ai-data-engineer/10948914,10948914,2026-09-23
Senior AI/ML Engineer - R01570350,Brillio,,,,,https://builtin.com/job/senior-ai-ml-engineer-r01570350/10948736,10948736,2026-09-23
AI Platforms Engineer,Workday,,,,,https://builtin.com/job/ai-platforms-engineer/10947379,10947379,2026-09-23
Sr. Engineer II - App Engg & AI,Anblicks,,,,,https://builtin.com/job/sr-engineer-ii-app-engg-ai/10946666,10946666,2026-09-23
AI Developer,Movado Group,,,,,https://builtin.com/job/ai-developer/10946585,10946585,2026-09-23
AI Engineer,Centre for Computational Technologies Pvt. Ltd. (CCTech),,,,,https://builtin.com/job/ai-engineer/10946375,10946375,2026-09-23
Forward Deployed AI Engineer,Cloudera,,,,,https://builtin.com/job/forward-deployed-ai-engineer/10843678,10843678,2026-09-23
Sr Developer- AI,Mattel,,,,,https://builtin.com/job/sr-developer-ai/10946204,10946204,2026-09-23
Senior Gen AI Engineer (Freelancer),"Weekday, Inc.",,,,,https://builtin.com/job/senior-gen-ai-engineer-freelancer/10932434,10932434,2026-09-23
Backend Engineer (Cloud & AI Integration),BETSOL,,,,,https://builtin.com/job/backend-engineer-cloud-ai-integration/10930342,10930342,2026-09-23
AI Engineer - VP,Barclays,,,,,https://builtin.com/job/ai-engineer-vp/10928956,10928956,2026-09-23
AI/ML MLOps Engineer,DATAECONOMY,,,,,https://builtin.com/job/ai-ml-mlops-engineer/10928239,10928239,2026-09-23
AI Engineer,Jetbro,,,,,https://builtin.com/job/ai-engineer/10928058,10928058,2026-09-23
Associate AI Engineer,Ecolab,,,,,https://builtin.com/job/associate-ai-engineer/10927473,10927473,2026-09-23
Lead AI Engineer,Jade Global,,,,,https://builtin.com/job/lead-ai-engineer/10927422,10927422,2026-09-23
AI Data Engineer III,Sixt SE,,,,,https://builtin.com/job/ai-data-engineer-iii/10927213,10927213,2026-09-23
Staff Engineer - AI Technology,Syngenta Group,,,,,https://builtin.com/job/staff-engineer-ai-technology/10927001,10927001,2026-09-23
Senior AI Engineer,Nexperia,,,,,https://builtin.com/job/senior-ai-engineer/10925397,10925397,2026-09-23
AI Engineer,Capco,,,,,https://builtin.com/job/ai-engineer/10477912,10477912,2026-09-23
Principal Engineer - NuPlay (Nurix AI),Meraki Labs,,,,,https://builtin.com/job/principal-engineer-nurix-ai/10910827,10910827,2026-09-23
Python AI Developer,Kumaran Systems,,,,,https://builtin.com/job/python-ai-developer/10908872,10908872,2026-09-23
AI Quality Engineer (Contract),Side,,,,,https://builtin.com/job/ai-quality-engineer-contract/10908846,10908846,2026-09-23
AI Engineer,Tristone Strategic Partners LLP,,,,,https://builtin.com/job/ai-engineer/10908724,10908724,2026-09-23
Sr. AI Developer,Garrett,,,,,https://builtin.com/job/sr-ai-developer/10908666,10908666,2026-09-23
Azure & .NET Engineer – AI Capabilities,N Human Resources & Management Systems,,,,,https://builtin.com/job/azure-net-engineer-ai-capabilities/10896749,10896749,2026-09-23
Robotics & Physical AI Developer Support Engineer,Intel,,,,,https://builtin.com/job/robotics-physical-ai-developer-support-engineer/10890823,10890823,2026-09-23
Senior Staff Developer - AI,Arctic Wolf,,,,,https://builtin.com/job/senior-staff-developer-ai/10889492,10889492,2026-09-23
AI Architect / Sr. AI Engineer,IDMWorks,,,,,https://builtin.com/job/ai-architect-sr-ai-engineer/10887939,10887939,2026-09-23
Sr AI Engineer,Ecolab,,,,,https://builtin.com/job/sr-ai-engineer/10887690,10887690,2026-09-23
AI/ML Engineer,dotSolved System Inc.,,,,,https://builtin.com/job/ai-ml-engineer/10886357,10886357,2026-09-23
AI Engineer - Assistant Vice President,Citi,,,,,https://builtin.com/job/senior-databricks-apache-spark-sql-engineer-assistant-vice-president/10885907,10885907,2026-09-23
Senior AI Engineer - Vice President,Citi,,,,,https://builtin.com/job/senior-databricks-apache-spark-sql-engineer-vice-president/10885901,10885901,2026-09-23
Senior AI Engineer,SoundHound,,,,,https://builtin.com/job/cognitive-technical-lead/10885428,10885428,2026-09-23
Agentic AI Engineer,Truviq Systems Private Limited,,,,,https://builtin.com/job/agentic-ai-engineer/10876895,10876895,2026-09-23
Sr. Engineer II - Data Engg & AI,Anblicks,,,,,https://builtin.com/job/sr-engineer-ii-data-engg-ai/10869006,10869006,2026-09-23
AI-ML Engineer II,Fortive,,,,,https://builtin.com/job/ai-ml-engineer-ii/10868991,10868991,2026-09-23
"Principal Engineer, AI Platform",Accrete AI,,,,,https://builtin.com/job/principal-engineer-ai-platform/10868723,10868723,2026-09-23
Senior AI/ML Software Engineer,NVIDIA,,,,,https://builtin.com/job/senior-ai-ml-software-engineer/10867729,10867729,2026-09-23
Solution Engineer Senior (Azure + AI),Cummins,,,,,https://builtin.com/job/solution-engineer-senior-azure-ai/10867510,10867510,2026-09-23
Lead AI Engineer,Digital Green,,,,,https://builtin.com/job/lead-ai-engineer/10867210,10867210,2026-09-23
Agentic AI Engineer,Rimini Street,,,,,https://builtin.com/job/agentic-ai-engineer/10867124,10867124,2026-09-23
Generative AI Engineer - Fullstack,Evnek Technologies Pvt Ltd,,,,,https://builtin.com/job/generative-ai-engineer-fullstack/10866307,10866307,2026-09-23
Specialist System Engineering - DevOps Engineer — AI & Pipeline Automation,AT&T,,,,,https://builtin.com/job/sr-specialist-system-engineering-devops-engineer-ai-pipeline-automation/10866056,10866056,2026-09-23
Founding AI Engineer/CTO - MyRico,Meraki Labs,,,,,https://builtin.com/job/founding-engineer-myrico/10853758,10853758,2026-09-23
AI Engineer,Meraki Labs,,,,,https://builtin.com/job/ai-engineer/10851457,10851457,2026-09-23
AI Workflow Engineer,SI HOUSE OF MODELS PRIVATE LIMITED,,,,,https://builtin.com/job/workflow-engineer/10850329,10850329,2026-09-23
Senior Technical Consultant - AI Platform Engineer,AHEAD,,,,,https://builtin.com/job/senior-technical-consultant-ai-platform-engineer/10850086,10850086,2026-09-23
AI/ML Developer,Attero,,,,,https://builtin.com/job/ai-ml-developer/10850079,10850079,2026-09-23
Senior AI Engineer,SI HOUSE OF MODELS PRIVATE LIMITED,,,,,https://builtin.com/job/senior-ai-engineer/10850089,10850089,2026-09-23
Founding AI Engineer - Proofline,Meraki Labs,,,,,https://builtin.com/job/founding-ai-engineer-proofline/10849383,10849383,2026-09-23
Senior AI/ML Engineer,QueueBuster,,,,,https://builtin.com/job/senior-ai-ml-engineer/10848100,10848100,2026-09-23
Senior AI Engineer,Coditation,,,,,https://builtin.com/job/senior-ai-engineer/10847647,10847647,2026-09-23
Gen AI application developer,Coditation,,,,,https://builtin.com/job/gen-ai-application-developer/10847601,10847601,2026-09-23
Sr. Engineer I - Cloud Engg & AI,Anblicks,,,,,https://builtin.com/job/sr-engineer-i-cloud-engg-ai/10845799,10845799,2026-09-23
Sr. Engineer I - Data Engg & AI,Anblicks,,,,,https://builtin.com/job/sr-engineer-i-data-engg-ai/10845750,10845750,2026-09-23
AI/MLOps SRE Lead Engineer,Regeneron,,,,,https://builtin.com/job/ai-mlops-sre-lead-engineer/10844627,10844627,2026-09-23
Lead Software Engineer - AI and ML,University Living,,,,,https://builtin.com/job/lead-software-engineer-ai-and-ml/10844458,10844458,2026-09-23
Agentic AI software engineer,Hewlett Packard Enterprise,,,,,https://builtin.com/job/agentic-ai-software-engineer/10844452,10844452,2026-09-23
Senior AI Engineer,Jade Global,,,,,https://builtin.com/job/senior-ai-engineer/10844012,10844012,2026-09-23
Forward Deployed Engineer - LLM/Gen AI,Evnek Technologies Pvt Ltd,,,,,https://builtin.com/job/forward-deployed-engineer-llm-gen-ai/10843743,10843743,2026-09-23
Software Engineer – AI Enablement & GitHub Copilot for Eclipse,Advantest,,,,,https://builtin.com/job/software-engineer-ai-enablement-github-copilot-eclipse/10843492,10843492,2026-09-23
AI Engineer,KeyValue Software Systems,,,,,https://builtin.com/job/ai-engineer/10843443,10843443,2026-09-23
Customer Engineer/AI Engineer,FICO,,,,,https://builtin.com/job/customer-engineering-engineer-ii/10708868,10708868,2026-09-23
Customer Engineering /AI Engineer,FICO,,,,,https://builtin.com/job/customer-engineering-engineer-ii/10708893,10708893,2026-09-23
AI Engineer - FDE (Forward Deployed Engineer),Databricks,,,,,https://builtin.com/job/ai-engineer/6775575,6775575,2026-09-23
India: AI Engineer,"Helmerich & Payne, Inc.",,,,,https://builtin.com/job/india-ai-analyst/10050514,10050514,2026-09-23
Software Development Engineer - AI/ML,Volga Partners,,,,,https://builtin.com/job/software-development-engineer-temporary/10049857,10049857,2026-09-23
AI and Machine Learning Engineer,Hewlett Packard Enterprise,,,,,https://builtin.com/job/ai-and-machine-learning-engineer/10432615,10432615,2026-09-23
Senior AI Engineer,Ecolab,,,,,https://builtin.com/job/senior-ai-engineer/10038736,10038736,2026-09-23
Principal AI Engineer,Bristol Myers Squibb,,,,,https://builtin.com/job/principal-ai-engineer/10685454,10685454,2026-09-23
Junior Software Engineer（AI&LLM),Binance,,,,,https://builtin.com/job/junior-software-engineer/10787276,10787276,2026-09-23
Artificial Intelligence Developer,Kaufman Rossin,,,,,https://builtin.com/job/artificial-intelligence-developer/10774695,10774695,2026-09-23
Senior Product Software Engineer (C#/ .NET Core / Gen AI / Angular OR Javascript OR Typescript OR React),Wolters Kluwer,,,,,https://builtin.com/job/senior-product-software-engineer-c-net-core-gen-ai-angular-or-javascript-or-typescript-or-react/9996757,9996757,2026-09-23
"Software Engineer (Agentic AI, LLM, Python | 5 to 8 Years)",Cisco,,,,,https://builtin.com/job/software-engineer-agentic-ai-llm-python-5-8-years/10733842,10733842,2026-09-23
Staff AI Engineer,Nextiva,,,,,https://builtin.com/job/staff-ai-software-engineer/10733190,10733190,2026-09-23
"Atlas Research Engineer, SLAM & Spatial AI",Boston Dynamics,,,,,https://builtin.com/job/research-scientist-spatial-ai-perception/9955862,9955862,2026-09-23
AI and HPC Systems Performance Engineer,Hewlett Packard Enterprise,,,,,https://builtin.com/job/ai-and-hpc-systems-performance-engineer/10689348,10689348,2026-09-23
"AI Engineer, Enterprise",SoundHound,,,,,https://builtin.com/job/cognitive-implementation-engineer-ii-enterprise/9040984,9040984,2026-09-23
Senior Software Development Engineer (Social Planner- AI),HighLevel,,,,,https://builtin.com/job/software-development-engineer-iii-full-stack-development-social-planner/9499601,9499601,2026-09-23
Senior Analytics AI Platform Engineer,MariaDB Corporation,,,,,https://builtin.com/job/senior-data-scientist/8927552,8927552,2026-09-23
Senior AI & Analytics Engineer,JustAnswer,,,,,https://builtin.com/job/senior-analytics-engineer/10579754,10579754,2026-09-23
Applied AI Engineer,OpenAI,,,,,https://builtin.com/job/ai-deployment-engineer/10498007,10498007,2026-09-23
Senior AI Data Engineer,EXL,,,,,https://builtin.com/job/senior-ai-data-engineer/10092981,10092981,2026-09-23
Power Platform & AI Engineer,Moderna,,,,,https://builtin.com/job/power-platform-ai-engineer/10097221,10097221,2026-09-23
